{
  "3223554": "{\"dofs\":{\"0\":3223554,\"1\":232954,\"2\":9970},\"nnz\":{\"0\":82503661,\"1\":29679512,\"2\":2391394},\"nnz(%)\":{\"0\":72.01,\"1\":25.9,\"2\":2.09},\"CR\":{\"0\":13.84,\"1\":23.37,\"2\":null},\"Ratio[v\\/p]\":{\"0\":23.301,\"1\":13.656,\"2\":16.249},\"CR(u_x)\":{\"0\":14.246,\"1\":23.062,\"2\":29.585},\"CR(u_y)\":{\"0\":14.246,\"1\":23.113,\"2\":29.519},\"CR(u_z)\":{\"0\":14.227,\"1\":23.159,\"2\":30.657},\"CR(p)\":{\"0\":8.345,\"1\":27.5,\"2\":null},\"dofs(u_x)\":{\"0\":1030301,\"1\":72321,\"2\":3136},\"dofs(u_y)\":{\"0\":1030301,\"1\":72321,\"2\":3129},\"dofs(u_z)\":{\"0\":1030301,\"1\":72417,\"2\":3127},\"dofs(p)\":{\"0\":132651,\"1\":15895,\"2\":578},\"O(ml)\":{\"0\":1.389,\"1\":null,\"2\":null},\"O(ml(A))\":{\"0\":1.075,\"1\":null,\"2\":null},\"O(u_x)\":{\"0\":1.3751517474,\"1\":null,\"2\":null},\"O(u_y)\":{\"0\":1.3750198472,\"1\":null,\"2\":null},\"O(u_z)\":{\"0\":1.3754120096,\"1\":null,\"2\":null},\"O(p)\":{\"0\":1.6054196253,\"1\":null,\"2\":null},\"eigs(MA)\":{\"0\":0.0,\"1\":[0.3879,2.0765],\"2\":[0.1747,1.9608]},\"Aloc(mean)\":{\"0\":null,\"1\":505.8573136206,\"2\":178.5492231495},\"Aloc(std)\":{\"0\":null,\"1\":130.7705939693,\"2\":40.7144456094},\"Aloc(min)\":{\"0\":null,\"1\":50.0,\"2\":4.0},\"Aloc(max)\":{\"0\":null,\"1\":759.0,\"2\":196.0},\"Aloc(sum)\":{\"0\":null,\"1\":8040602.0,\"2\":23684733.0},\"Aloc(sq_sum)\":{\"0\":null,\"1\":4339216900.0,\"2\":4448781741.0},\"Aloc(num)\":{\"0\":null,\"1\":15895.0,\"2\":132651.0}}",
  "2206032": "{\"dofs\":{\"0\":2206032,\"1\":158291,\"2\":6849},\"nnz\":{\"0\":57441262,\"1\":19973397,\"2\":1570109},\"nnz(%)\":{\"0\":72.72,\"1\":25.29,\"2\":1.99},\"CR\":{\"0\":13.94,\"1\":23.11,\"2\":null},\"Ratio[v\\/p]\":{\"0\":23.209,\"1\":13.482,\"2\":15.664},\"CR(u_x)\":{\"0\":14.356,\"1\":23.001,\"2\":27.372},\"CR(u_y)\":{\"0\":14.356,\"1\":22.798,\"2\":27.974},\"CR(u_z)\":{\"0\":14.344,\"1\":22.87,\"2\":27.551},\"CR(p)\":{\"0\":8.337,\"1\":26.594,\"2\":null},\"dofs(u_x)\":{\"0\":704969,\"1\":49107,\"2\":2135},\"dofs(u_y)\":{\"0\":704969,\"1\":49107,\"2\":2154},\"dofs(u_z)\":{\"0\":704969,\"1\":49147,\"2\":2149},\"dofs(p)\":{\"0\":91125,\"1\":10930,\"2\":411},\"O(ml)\":{\"0\":1.375,\"1\":null,\"2\":null},\"O(ml(A))\":{\"0\":1.075,\"1\":null,\"2\":null},\"O(u_x)\":{\"0\":1.3582660437,\"1\":null,\"2\":null},\"O(u_y)\":{\"0\":1.3586722267,\"1\":null,\"2\":null},\"O(u_z)\":{\"0\":1.3589027109,\"1\":null,\"2\":null},\"O(p)\":{\"0\":1.6013783453,\"1\":null,\"2\":null},\"eigs(MA)\":{\"0\":0.0,\"1\":[0.4037,2.0567],\"2\":[0.1866,1.9647]},\"Aloc(mean)\":{\"0\":null,\"1\":494.5272644099,\"2\":176.3069410151},\"Aloc(std)\":{\"0\":null,\"1\":135.3352079674,\"2\":42.8613583821},\"Aloc(min)\":{\"0\":null,\"1\":46.0,\"2\":4.0},\"Aloc(max)\":{\"0\":null,\"1\":760.0,\"2\":196.0},\"Aloc(sum)\":{\"0\":null,\"1\":5405183.0,\"2\":16065970.0},\"Aloc(sq_sum)\":{\"0\":null,\"1\":2873200073.0,\"2\":2999947402.0},\"Aloc(num)\":{\"0\":null,\"1\":10930.0,\"2\":91125.0}}",
  "1663244": "{\"dofs\":{\"0\":1663244,\"1\":118799,\"2\":5230},\"nnz\":{\"0\":43045735,\"1\":14939992,\"2\":1148670},\"nnz(%)\":{\"0\":72.79,\"1\":25.26,\"2\":1.94},\"CR\":{\"0\":14.0,\"1\":22.71,\"2\":null},\"Ratio[v\\/p]\":{\"0\":23.133,\"1\":13.131,\"2\":15.603},\"CR(u_x)\":{\"0\":14.45,\"1\":22.371,\"2\":null},\"CR(u_y)\":{\"0\":14.45,\"1\":22.508,\"2\":null},\"CR(u_z)\":{\"0\":14.427,\"1\":22.502,\"2\":null},\"CR(p)\":{\"0\":8.198,\"1\":26.689,\"2\":null},\"dofs(u_x)\":{\"0\":531441,\"1\":36778,\"2\":1644},\"dofs(u_y)\":{\"0\":531441,\"1\":36778,\"2\":1634},\"dofs(u_z)\":{\"0\":531441,\"1\":36836,\"2\":1637},\"dofs(p)\":{\"0\":68921,\"1\":8407,\"2\":315},\"O(ml)\":{\"0\":1.374,\"1\":null,\"2\":null},\"O(ml(A))\":{\"0\":1.075,\"1\":null,\"2\":null},\"O(u_x)\":{\"0\":1.3614908156,\"1\":null,\"2\":null},\"O(u_y)\":{\"0\":1.3611642946,\"1\":null,\"2\":null},\"O(u_z)\":{\"0\":1.3616881586,\"1\":null,\"2\":null},\"O(p)\":{\"0\":1.6063240422,\"1\":null,\"2\":null},\"eigs(MA)\":{\"0\":0.0,\"1\":[0.4069,2.1044],\"2\":[0.1916,1.954]},\"Aloc(mean)\":{\"0\":null,\"1\":484.8577375996,\"2\":174.4247471743},\"Aloc(std)\":{\"0\":null,\"1\":137.6359217048,\"2\":44.4723270401},\"Aloc(min)\":{\"0\":null,\"1\":37.0,\"2\":4.0},\"Aloc(max)\":{\"0\":null,\"1\":740.0,\"2\":196.0},\"Aloc(sum)\":{\"0\":null,\"1\":4076199.0,\"2\":12021528.0},\"Aloc(sq_sum)\":{\"0\":null,\"1\":2135635865.0,\"2\":2233163100.0},\"Aloc(num)\":{\"0\":null,\"1\":8407.0,\"2\":68921.0}}",
  "1217704": "{\"dofs\":{\"0\":1217704,\"1\":86307,\"2\":3822},\"nnz\":{\"0\":30835317,\"1\":10689847,\"2\":799482},\"nnz(%)\":{\"0\":72.85,\"1\":25.26,\"2\":1.89},\"CR\":{\"0\":14.11,\"1\":22.58,\"2\":null},\"Ratio[v\\/p]\":{\"0\":23.04,\"1\":13.091,\"2\":14.992},\"CR(u_x)\":{\"0\":14.544,\"1\":22.309,\"2\":null},\"CR(u_y)\":{\"0\":14.561,\"1\":22.395,\"2\":null},\"CR(u_z)\":{\"0\":14.561,\"1\":22.432,\"2\":null},\"CR(p)\":{\"0\":8.27,\"1\":25.628,\"2\":null},\"dofs(u_x)\":{\"0\":389017,\"1\":26748,\"2\":1199},\"dofs(u_y)\":{\"0\":389017,\"1\":26717,\"2\":1193},\"dofs(u_z)\":{\"0\":389017,\"1\":26717,\"2\":1191},\"dofs(p)\":{\"0\":50653,\"1\":6125,\"2\":239},\"O(ml)\":{\"0\":1.373,\"1\":null,\"2\":null},\"O(ml(A))\":{\"0\":1.074,\"1\":null,\"2\":null},\"O(u_x)\":{\"0\":1.3565062084,\"1\":null,\"2\":null},\"O(u_y)\":{\"0\":1.3557116352,\"1\":null,\"2\":null},\"O(u_z)\":{\"0\":1.3556754726,\"1\":null,\"2\":null},\"O(p)\":{\"0\":1.5854877057,\"1\":null,\"2\":null},\"eigs(MA)\":{\"0\":0.0,\"1\":[0.382,2.1184],\"2\":[0.1984,1.9705]},\"Aloc(mean)\":{\"0\":null,\"1\":475.1598367347,\"2\":172.0842003435},\"Aloc(std)\":{\"0\":null,\"1\":142.8426429898,\"2\":46.2281420855},\"Aloc(min)\":{\"0\":null,\"1\":34.0,\"2\":4.0},\"Aloc(max)\":{\"0\":null,\"1\":786.0,\"2\":196.0},\"Aloc(sum)\":{\"0\":null,\"1\":2910354.0,\"2\":8716581.0},\"Aloc(sq_sum)\":{\"0\":null,\"1\":1507857958.0,\"2\":1608233415.0},\"Aloc(num)\":{\"0\":null,\"1\":6125.0,\"2\":50653.0}}",
  "859812": "{\"dofs\":{\"0\":859812,\"1\":60431,\"2\":2715},\"nnz\":{\"0\":19531083,\"1\":7072626,\"2\":522754},\"nnz(%)\":{\"0\":72.0,\"1\":26.07,\"2\":1.93},\"CR\":{\"0\":14.23,\"1\":22.26,\"2\":null},\"Ratio[v\\/p]\":{\"0\":22.926,\"1\":12.924,\"2\":14.877},\"CR(u_x)\":{\"0\":14.688,\"1\":21.971,\"2\":null},\"CR(u_y)\":{\"0\":14.688,\"1\":22.153,\"2\":null},\"CR(u_z)\":{\"0\":14.688,\"1\":22.022,\"2\":null},\"CR(p)\":{\"0\":8.28,\"1\":25.38,\"2\":null},\"dofs(u_x)\":{\"0\":274625,\"1\":18697,\"2\":851},\"dofs(u_y)\":{\"0\":274625,\"1\":18697,\"2\":844},\"dofs(u_z)\":{\"0\":274625,\"1\":18697,\"2\":849},\"dofs(p)\":{\"0\":35937,\"1\":4340,\"2\":171},\"O(ml)\":{\"0\":1.389,\"1\":null,\"2\":null},\"O(ml(A))\":{\"0\":1.073,\"1\":null,\"2\":null},\"O(u_x)\":{\"0\":1.4054533243,\"1\":null,\"2\":null},\"O(u_y)\":{\"0\":1.4049613551,\"1\":null,\"2\":null},\"O(u_z)\":{\"0\":1.4051739169,\"1\":null,\"2\":null},\"O(p)\":{\"0\":1.5620738787,\"1\":null,\"2\":null},\"eigs(MA)\":{\"0\":0.0,\"1\":[0.4428,2.0876],\"2\":[0.2105,1.9585]},\"Aloc(mean)\":{\"0\":null,\"1\":451.7626728111,\"2\":169.4989565072},\"Aloc(std)\":{\"0\":null,\"1\":143.2777325782,\"2\":48.330460753},\"Aloc(min)\":{\"0\":null,\"1\":46.0,\"2\":4.0},\"Aloc(max)\":{\"0\":null,\"1\":749.0,\"2\":196.0},\"Aloc(sum)\":{\"0\":null,\"1\":1960650.0,\"2\":6091284.0},\"Aloc(sq_sum)\":{\"0\":null,\"1\":974842212.0,\"2\":1116409128.0},\"Aloc(num)\":{\"0\":null,\"1\":4340.0,\"2\":35937.0}}",