{
  "3223554": "{\"dofs\":{\"0\":3223554,\"1\":170116,\"2\":9064},\"nnz\":{\"0\":128469513,\"1\":39436084,\"2\":3844952},\"nnz(%)\":{\"0\":74.8,\"1\":22.96,\"2\":2.24},\"CR\":{\"0\":18.95,\"1\":18.77,\"2\":null},\"Ratio[v\\/p]\":{\"0\":23.301,\"1\":9.702,\"2\":14.574},\"CR(u_x)\":{\"0\":20.042,\"1\":18.301,\"2\":31.562},\"CR(u_y)\":{\"0\":20.042,\"1\":18.127,\"2\":31.865},\"CR(u_z)\":{\"0\":20.042,\"1\":18.12,\"2\":30.181},\"CR(p)\":{\"0\":8.345,\"1\":27.311,\"2\":null},\"dofs(u_x)\":{\"0\":1030301,\"1\":51407,\"2\":2809},\"dofs(u_y)\":{\"0\":1030301,\"1\":51407,\"2\":2836},\"dofs(u_z)\":{\"0\":1030301,\"1\":51407,\"2\":2837},\"dofs(p)\":{\"0\":132651,\"1\":15895,\"2\":582},\"O(ml)\":{\"0\":1.337,\"1\":null,\"2\":null},\"O(ml(A))\":{\"0\":1.056,\"1\":null,\"2\":null},\"O(u_x)\":{\"0\":1.3091815544,\"1\":null,\"2\":null},\"O(u_y)\":{\"0\":1.3097639379,\"1\":null,\"2\":null},\"O(u_z)\":{\"0\":1.3098108752,\"1\":null,\"2\":null},\"O(p)\":{\"0\":1.6353589239,\"1\":null,\"2\":null},\"eigs(MA)\":{\"0\":[0.1747,1.9608],\"1\":[0.3158,2.2644],\"2\":0.0},\"Aloc(mean)\":{\"0\":178.5546735419,\"1\":529.2339729475,\"2\":null},\"Aloc(std)\":{\"0\":40.7162894462,\"1\":138.1152631354,\"2\":null},\"Aloc(min)\":{\"0\":4.0,\"1\":52.0,\"2\":null},\"Aloc(max)\":{\"0\":196.0,\"1\":781.0,\"2\":null},\"Aloc(sum)\":{\"0\":23685456.0,\"1\":8412174.0,\"2\":null},\"Aloc(sq_sum)\":{\"0\":4449059844.0,\"1\":4755218520.0,\"2\":null},\"Aloc(num)\":{\"0\":132651.0,\"1\":15895.0,\"2\":null}}",
  "2206032": "{\"dofs\":{\"0\":2206032,\"1\":115873,\"2\":6278},\"nnz\":{\"0\":86954938,\"1\":26338685,\"2\":2497813},\"nnz(%)\":{\"0\":75.1,\"1\":22.75,\"2\":2.16},\"CR\":{\"0\":19.04,\"1\":18.46,\"2\":null},\"Ratio[v\\/p]\":{\"0\":23.209,\"1\":9.601,\"2\":14.275},\"CR(u_x)\":{\"0\":20.153,\"1\":17.875,\"2\":null},\"CR(u_y)\":{\"0\":20.153,\"1\":17.893,\"2\":null},\"CR(u_z)\":{\"0\":20.153,\"1\":17.893,\"2\":null},\"CR(p)\":{\"0\":8.337,\"1\":26.594,\"2\":null},\"dofs(u_x)\":{\"0\":704969,\"1\":34981,\"2\":1957},\"dofs(u_y)\":{\"0\":704969,\"1\":34981,\"2\":1955},\"dofs(u_z)\":{\"0\":704969,\"1\":34981,\"2\":1955},\"dofs(p)\":{\"0\":91125,\"1\":10930,\"2\":411},\"O(ml)\":{\"0\":1.332,\"1\":null,\"2\":null},\"O(ml(A))\":{\"0\":1.055,\"1\":null,\"2\":null},\"O(u_x)\":{\"0\":1.3051229189,\"1\":null,\"2\":null},\"O(u_y)\":{\"0\":1.3050882308,\"1\":null,\"2\":null},\"O(u_z)\":{\"0\":1.3050668508,\"1\":null,\"2\":null},\"O(p)\":{\"0\":1.6250977916,\"1\":null,\"2\":null},\"eigs(MA)\":{\"0\":[0.1866,1.9647],\"1\":[0.3534,2.2447],\"2\":0.0},\"Aloc(mean)\":{\"0\":176.3099478738,\"1\":513.3310155535,\"2\":null},\"Aloc(std)\":{\"0\":42.8623237414,\"1\":141.8116182704,\"2\":null},\"Aloc(min)\":{\"0\":4.0,\"1\":52.0,\"2\":null},\"Aloc(max)\":{\"0\":196.0,\"1\":766.0,\"2\":null},\"Aloc(sum)\":{\"0\":16066244.0,\"1\":5610708.0,\"2\":null},\"Aloc(sq_sum)\":{\"0\":3000051560.0,\"1\":3099958584.0,\"2\":null},\"Aloc(num)\":{\"0\":91125.0,\"1\":10930.0,\"2\":null}}",
  "1663244": "{\"dofs\":{\"0\":1663244,\"1\":87367,\"2\":4655},\"nnz\":{\"0\":64961097,\"1\":19673431,\"2\":1744918},\"nnz(%)\":{\"0\":75.2,\"1\":22.78,\"2\":2.02},\"CR\":{\"0\":19.04,\"1\":18.77,\"2\":null},\"Ratio[v\\/p]\":{\"0\":23.133,\"1\":9.392,\"2\":13.778},\"CR(u_x)\":{\"0\":20.192,\"1\":18.152,\"2\":null},\"CR(u_y)\":{\"0\":20.192,\"1\":18.215,\"2\":null},\"CR(u_z)\":{\"0\":20.192,\"1\":18.215,\"2\":null},\"CR(p)\":{\"0\":8.198,\"1\":26.689,\"2\":null},\"dofs(u_x)\":{\"0\":531441,\"1\":26320,\"2\":1450},\"dofs(u_y)\":{\"0\":531441,\"1\":26320,\"2\":1445},\"dofs(u_z)\":{\"0\":531441,\"1\":26320,\"2\":1445},\"dofs(p)\":{\"0\":68921,\"1\":8407,\"2\":315},\"O(ml)\":{\"0\":1.33,\"1\":null,\"2\":null},\"O(ml(A))\":{\"0\":1.055,\"1\":null,\"2\":null},\"O(u_x)\":{\"0\":1.3012990403,\"1\":null,\"2\":null},\"O(u_y)\":{\"0\":1.3012124391,\"1\":null,\"2\":null},\"O(u_z)\":{\"0\":1.3012144854,\"1\":null,\"2\":null},\"O(p)\":{\"0\":1.6272624471,\"1\":null,\"2\":null},\"eigs(MA)\":{\"0\":[0.1919,1.954],\"1\":[0.3889,2.2402],\"2\":0.0},\"Aloc(mean)\":{\"0\":174.4657796608,\"1\":503.4396336386,\"2\":null},\"Aloc(std)\":{\"0\":44.487909821,\"1\":143.5530434486,\"2\":null},\"Aloc(min)\":{\"0\":4.0,\"1\":46.0,\"2\":null},\"Aloc(max)\":{\"0\":196.0,\"1\":754.0,\"2\":null},\"Aloc(sum)\":{\"0\":12024356.0,\"1\":4232417.0,\"2\":null},\"Aloc(sq_sum)\":{\"0\":2234245304.0,\"1\":2304013517.0,\"2\":null},\"Aloc(num)\":{\"0\":68921.0,\"1\":8407.0,\"2\":null}}",
  "1217704": "{\"dofs\":{\"0\":1217704,\"1\":63560,\"2\":3478},\"nnz\":{\"0\":47028993,\"1\":14024613,\"2\":1224501},\"nnz(%)\":{\"0\":75.51,\"1\":22.52,\"2\":1.97},\"CR\":{\"0\":19.16,\"1\":18.27,\"2\":null},\"Ratio[v\\/p]\":{\"0\":23.04,\"1\":9.377,\"2\":13.552},\"CR(u_x)\":{\"0\":20.32,\"1\":17.645,\"2\":null},\"CR(u_y)\":{\"0\":20.32,\"1\":17.776,\"2\":null},\"CR(u_z)\":{\"0\":20.32,\"1\":17.776,\"2\":null},\"CR(p)\":{\"0\":8.27,\"1\":25.628,\"2\":null},\"dofs(u_x)\":{\"0\":389017,\"1\":19145,\"2\":1085},\"dofs(u_y)\":{\"0\":389017,\"1\":19145,\"2\":1077},\"dofs(u_z)\":{\"0\":389017,\"1\":19145,\"2\":1077},\"dofs(p)\":{\"0\":50653,\"1\":6125,\"2\":239},\"O(ml)\":{\"0\":1.324,\"1\":null,\"2\":null},\"O(ml(A))\":{\"0\":1.055,\"1\":null,\"2\":null},\"O(u_x)\":{\"0\":1.297563177,\"1\":null,\"2\":null},\"O(u_y)\":{\"0\":1.2971487771,\"1\":null,\"2\":null},\"O(u_z)\":{\"0\":1.2971477664,\"1\":null,\"2\":null},\"O(p)\":{\"0\":1.6121803588,\"1\":null,\"2\":null},\"eigs(MA)\":{\"0\":[0.1991,1.9704],\"1\":[0.3439,2.2888],\"2\":0.0},\"Aloc(mean)\":{\"0\":172.2388012556,\"1\":490.8883265306,\"2\":null},\"Aloc(std)\":{\"0\":46.2994503479,\"1\":148.8218502804,\"2\":null},\"Aloc(min)\":{\"0\":4.0,\"1\":43.0,\"2\":null},\"Aloc(max)\":{\"0\":196.0,\"1\":784.0,\"2\":null},\"Aloc(sum)\":{\"0\":8724412.0,\"1\":3006691.0,\"2\":null},\"Aloc(sq_sum)\":{\"0\":1611264016.0,\"1\":1611605665.0,\"2\":null},\"Aloc(num)\":{\"0\":50653.0,\"1\":6125.0,\"2\":null}}",
  "859812": "{\"dofs\":{\"0\":859812,\"1\":44531,\"2\":2510},\"nnz\":{\"0\":32744121,\"1\":9280647,\"2\":795133},\"nnz(%)\":{\"0\":76.47,\"1\":21.67,\"2\":1.86},\"CR\":{\"0\":19.31,\"1\":17.74,\"2\":null},\"Ratio[v\\/p]\":{\"0\":22.926,\"1\":9.261,\"2\":13.678},\"CR(u_x)\":{\"0\":20.499,\"1\":17.286,\"2\":null},\"CR(u_y)\":{\"0\":20.499,\"1\":17.22,\"2\":null},\"CR(u_z)\":{\"0\":20.499,\"1\":17.045,\"2\":null},\"CR(p)\":{\"0\":8.28,\"1\":25.38,\"2\":null},\"dofs(u_x)\":{\"0\":274625,\"1\":13397,\"2\":775},\"dofs(u_y)\":{\"0\":274625,\"1\":13397,\"2\":778},\"dofs(u_z)\":{\"0\":274625,\"1\":13397,\"2\":786},\"dofs(p)\":{\"0\":35937,\"1\":4340,\"2\":171},\"O(ml)\":{\"0\":1.308,\"1\":null,\"2\":null},\"O(ml(A))\":{\"0\":1.055,\"1\":null,\"2\":null},\"O(u_x)\":{\"0\":1.2933567943,\"1\":null,\"2\":null},\"O(u_y)\":{\"0\":1.2935427547,\"1\":null,\"2\":null},\"O(u_z)\":{\"0\":1.2939684716,\"1\":null,\"2\":null},\"O(p)\":{\"0\":1.5433363942,\"1\":null,\"2\":null},\"eigs(MA)\":{\"0\":[0.2105,1.9585],\"1\":[0.4926,2.1327],\"2\":0.0},\"Aloc(mean)\":{\"0\":169.4989565072,\"1\":434.6790322581,\"2\":null},\"Aloc(std)\":{\"0\":48.330460753,\"1\":135.9654993952,\"2\":null},\"Aloc(min)\":{\"0\":4.0,\"1\":49.0,\"2\":null},\"Aloc(max)\":{\"0\":196.0,\"1\":676.0,\"2\":null},\"Aloc(sum)\":{\"0\":6091284.0,\"1\":1886507.0,\"2\":null},\"Aloc(sq_sum)\":{\"0\":1116409128.0,\"1\":900256955.0,\"2\":null},\"Aloc(num)\":{\"0\":35937.0,\"1\":4340.0,\"2\":null}}",