{
  "3881": "{\"mg:__init__\":{\"0\":0.137339625},\"mg:_setup_hierarchy\":{\"0\":0.0529437501},\"mg:_setup_relaxation\":{\"0\":0.049103542},\"mg:_get_amg_interp\":{\"0\":0.04585325},\"lsc:__init__\":{\"0\":0.0067312499}}",
  "56764": "{\"mg:__init__\":{\"0\":3.069975792},\"mg:_setup_hierarchy\":{\"0\":1.3334206662},\"mg:_get_amg_interp\":{\"0\":1.1334634172},\"mg:_setup_relaxation\":{\"0\":0.218284541},\"lsc:__init__\":{\"0\":0.1571712079}}"
}