{
  "3881": "{\"rlx(c)\":{\"0\":0.0,\"1\":62.0},\"mg:solve\":{\"0\":0.0804543749,\"1\":0.0},\"rlx(t)\":{\"0\":0.0,\"1\":0.056388332},\"coarse:coarse_solve\":{\"0\":0.0023195439,\"1\":0.0}}",
  "56764": "{\"rlx(c)\":{\"0\":0.0,\"1\":64.0},\"mg:solve\":{\"0\":1.6010382499,\"1\":0.0},\"rlx(t)\":{\"0\":0.0,\"1\":1.0385850074},\"coarse:coarse_solve\":{\"0\":0.1527592929,\"1\":0.0}}"
}