{
  "3881": "{\"stokes:__init__\":{\"0\":1.2096707921,\"1\":0.0000032501,\"2\":0.0000019581},\"stokes:_form_system\":{\"0\":1.1997820002,\"1\":null,\"2\":null},\"DoFHandler:_construct_dof_coord\":{\"0\":0.1982885408,\"1\":null,\"2\":null},\"stokes:_split_by_component\":{\"0\":0.005443542,\"1\":null,\"2\":null},\"stokes:_renumber_dofs\":{\"0\":0.004369,\"1\":null,\"2\":null},\"DoFHandler:_get_component_splitter\":{\"0\":0.000656958,\"1\":null,\"2\":null},\"DoFHandler:_get_field_sorting_operator\":{\"0\":0.00053275,\"1\":0.000121292,\"2\":null},\"mesh:__init__\":{\"0\":0.0000122911,\"1\":null,\"2\":null}}",
  "56764": "{\"stokes:__init__\":{\"0\":1.2096707921,\"1\":0.0000032501,\"2\":0.0000019581,\"3\":0.64527,\"4\":0.0000015839,\"5\":0.0000017921},\"stokes:_form_system\":{\"0\":1.1997820002,\"1\":0.5415519159,\"2\":null,\"3\":null,\"4\":null,\"5\":null},\"DoFHandler:_construct_dof_coord\":{\"0\":0.1982885408,\"1\":0.0012323749,\"2\":null,\"3\":null,\"4\":null,\"5\":null},\"stokes:_renumber_dofs\":{\"0\":0.004369,\"1\":0.053774083,\"2\":null,\"3\":null,\"4\":null,\"5\":null},\"stokes:_split_by_component\":{\"0\":0.005443542,\"1\":0.0497015,\"2\":null,\"3\":null,\"4\":null,\"5\":null},\"DoFHandler:_get_field_sorting_operator\":{\"0\":0.00053275,\"1\":0.000121292,\"2\":0.0075642089,\"3\":0.000983834,\"4\":null,\"5\":null},\"DoFHandler:_get_component_splitter\":{\"0\":0.000656958,\"1\":0.0051577499,\"2\":null,\"3\":null,\"4\":null,\"5\":null},\"mesh:__init__\":{\"0\":0.0000122911,\"1\":0.0000174581,\"2\":null,\"3\":null,\"4\":null,\"5\":null}}"
}