{
  "4328003": "{\"dofs\":{\"0\":4328003,\"1\":722753,\"2\":81290,\"3\":8423,\"4\":784},\"nnz\":{\"0\":61248403,\"1\":19631751,\"2\":3442538,\"3\":484587,\"4\":49685},\"nnz(%)\":{\"0\":72.18,\"1\":23.14,\"2\":4.06,\"3\":0.57,\"4\":0.06},\"CR\":{\"0\":5.99,\"1\":8.89,\"2\":9.65,\"3\":10.74,\"4\":null},\"Ratio[v\\/p]\":{\"0\":7.987,\"1\":7.905,\"2\":7.765,\"3\":9.45,\"4\":7.615},\"CR(u_x)\":{\"0\":5.995,\"1\":8.909,\"2\":9.453,\"3\":11.009,\"4\":null},\"CR(u_y)\":{\"0\":5.995,\"1\":8.909,\"2\":9.456,\"3\":10.974,\"4\":null},\"CR(p)\":{\"0\":5.934,\"1\":8.751,\"2\":11.506,\"3\":8.857,\"4\":null},\"dofs(u_x)\":{\"0\":1923201,\"1\":320797,\"2\":36008,\"3\":3809,\"4\":346},\"dofs(u_y)\":{\"0\":1923201,\"1\":320797,\"2\":36008,\"3\":3808,\"4\":347},\"dofs(p)\":{\"0\":481601,\"1\":81159,\"2\":9274,\"3\":806,\"4\":91},\"O(ml)\":{\"0\":1.385,\"1\":null,\"2\":null,\"3\":null,\"4\":null},\"O(ml(A))\":{\"0\":1.188,\"1\":null,\"2\":null,\"3\":null,\"4\":null},\"O(u_x)\":{\"0\":1.3790252066,\"1\":null,\"2\":null,\"3\":null,\"4\":null},\"O(u_y)\":{\"0\":1.3790301243,\"1\":null,\"2\":null,\"3\":null,\"4\":null},\"O(p)\":{\"0\":1.3811910638,\"1\":null,\"2\":null,\"3\":null,\"4\":null},\"eigs(MA)\":{\"0\":0.0,\"1\":0.0,\"2\":0.0,\"3\":0.0,\"4\":0.0},\"Aloc(mean)\":{\"0\":null,\"1\":null,\"2\":null,\"3\":null,\"4\":null},\"Aloc(std)\":{\"0\":null,\"1\":null,\"2\":null,\"3\":null,\"4\":null},\"Aloc(min)\":{\"0\":null,\"1\":null,\"2\":null,\"3\":null,\"4\":null},\"Aloc(max)\":{\"0\":null,\"1\":null,\"2\":null,\"3\":null,\"4\":null},\"Aloc(sum)\":{\"0\":null,\"1\":null,\"2\":null,\"3\":null,\"4\":null},\"Aloc(sq_sum)\":{\"0\":null,\"1\":null,\"2\":null,\"3\":null,\"4\":null},\"Aloc(num)\":{\"0\":null,\"1\":null,\"2\":null,\"3\":null,\"4\":null}}",
  "3314503": "{\"dofs\":{\"0\":3314503,\"1\":553743,\"2\":61838,\"3\":6978,\"4\":618},\"nnz\":{\"0\":46806172,\"1\":15242310,\"2\":2539388,\"3\":395534,\"4\":36182},\"nnz(%)\":{\"0\":71.99,\"1\":23.44,\"2\":3.91,\"3\":0.61,\"4\":0.06},\"CR\":{\"0\":5.99,\"1\":8.95,\"2\":8.86,\"3\":11.29,\"4\":null},\"Ratio[v\\/p]\":{\"0\":7.985,\"1\":7.881,\"2\":7.737,\"3\":9.322,\"4\":7.583},\"CR(u_x)\":{\"0\":5.994,\"1\":8.974,\"2\":8.689,\"3\":11.542,\"4\":null},\"CR(u_y)\":{\"0\":5.994,\"1\":8.974,\"2\":8.689,\"3\":11.542,\"4\":null},\"CR(p)\":{\"0\":5.917,\"1\":8.809,\"2\":10.47,\"3\":9.389,\"4\":null},\"dofs(u_x)\":{\"0\":1472801,\"1\":245697,\"2\":27380,\"3\":3151,\"4\":273},\"dofs(u_y)\":{\"0\":1472801,\"1\":245697,\"2\":27380,\"3\":3151,\"4\":273},\"dofs(p)\":{\"0\":368901,\"1\":62349,\"2\":7078,\"3\":676,\"4\":72},\"O(ml)\":{\"0\":1.389,\"1\":null,\"2\":null,\"3\":null,\"4\":null},\"O(ml(A))\":{\"0\":1.188,\"1\":null,\"2\":null,\"3\":null,\"4\":null},\"O(u_x)\":{\"0\":1.3763994256,\"1\":null,\"2\":null,\"3\":null,\"4\":null},\"O(u_y)\":{\"0\":1.3763994256,\"1\":null,\"2\":null,\"3\":null,\"4\":null},\"O(p)\":{\"0\":1.3836858604,\"1\":null,\"2\":null,\"3\":null,\"4\":null},\"eigs(MA)\":{\"0\":0.0,\"1\":0.0,\"2\":0.0,\"3\":0.0,\"4\":0.0},\"Aloc(mean)\":{\"0\":null,\"1\":null,\"2\":null,\"3\":null,\"4\":null},\"Aloc(std)\":{\"0\":null,\"1\":null,\"2\":null,\"3\":null,\"4\":null},\"Aloc(min)\":{\"0\":null,\"1\":null,\"2\":null,\"3\":null,\"4\":null},\"Aloc(max)\":{\"0\":null,\"1\":null,\"2\":null,\"3\":null,\"4\":null},\"Aloc(sum)\":{\"0\":null,\"1\":null,\"2\":null,\"3\":null,\"4\":null},\"Aloc(sq_sum)\":{\"0\":null,\"1\":null,\"2\":null,\"3\":null,\"4\":null},\"Aloc(num)\":{\"0\":null,\"1\":null,\"2\":null,\"3\":null,\"4\":null}}",
  "1774595": "{\"dofs\":{\"0\":1774595,\"1\":296669,\"2\":33320,\"3\":3311},\"nnz\":{\"0\":24944225,\"1\":8050453,\"2\":1383906,\"3\":173501},\"nnz(%)\":{\"0\":72.19,\"1\":23.3,\"2\":4.01,\"3\":0.5},\"CR\":{\"0\":5.98,\"1\":8.9,\"2\":10.06,\"3\":null},\"Ratio[v\\/p]\":{\"0\":7.979,\"1\":7.854,\"2\":7.65,\"3\":8.569},\"CR(u_x)\":{\"0\":5.992,\"1\":8.93,\"2\":9.969,\"3\":10.054},\"CR(u_y)\":{\"0\":5.992,\"1\":8.93,\"2\":9.909,\"3\":9.123},\"CR(p)\":{\"0\":5.898,\"1\":8.699,\"2\":11.133,\"3\":null},\"dofs(u_x)\":{\"0\":788481,\"1\":131581,\"2\":14734,\"3\":1478},\"dofs(u_y)\":{\"0\":788481,\"1\":131581,\"2\":14734,\"3\":1487},\"dofs(p)\":{\"0\":197633,\"1\":33507,\"2\":3852,\"3\":346},\"O(ml)\":{\"0\":1.385,\"1\":null,\"2\":null,\"3\":null},\"O(ml(A))\":{\"0\":1.188,\"1\":null,\"2\":null,\"3\":null},\"O(u_x)\":{\"0\":1.3765103073,\"1\":null,\"2\":null,\"3\":null},\"O(u_y)\":{\"0\":1.3761561245,\"1\":null,\"2\":null,\"3\":null},\"O(p)\":{\"0\":1.3822119899,\"1\":null,\"2\":null,\"3\":null},\"eigs(MA)\":{\"0\":0.0,\"1\":0.0,\"2\":0.0,\"3\":0.0},\"Aloc(mean)\":{\"0\":null,\"1\":null,\"2\":null,\"3\":null},\"Aloc(std)\":{\"0\":null,\"1\":null,\"2\":null,\"3\":null},\"Aloc(min)\":{\"0\":null,\"1\":null,\"2\":null,\"3\":null},\"Aloc(max)\":{\"0\":null,\"1\":null,\"2\":null,\"3\":null},\"Aloc(sum)\":{\"0\":null,\"1\":null,\"2\":null,\"3\":null},\"Aloc(sq_sum)\":{\"0\":null,\"1\":null,\"2\":null,\"3\":null},\"Aloc(num)\":{\"0\":null,\"1\":null,\"2\":null,\"3\":null}}",
  "444931": "{\"dofs\":{\"0\":444931,\"1\":74627,\"2\":8391,\"3\":950},\"nnz\":{\"0\":6222466,\"1\":2043212,\"2\":337188,\"3\":48626},\"nnz(%)\":{\"0\":71.92,\"1\":23.62,\"2\":3.9,\"3\":0.56},\"CR\":{\"0\":5.96,\"1\":8.89,\"2\":8.83,\"3\":null},\"Ratio[v\\/p]\":{\"0\":7.959,\"1\":7.691,\"2\":7.484,\"3\":8.135},\"CR(u_x)\":{\"0\":5.985,\"1\":8.922,\"2\":8.749,\"3\":null},\"CR(u_y)\":{\"0\":5.985,\"1\":8.922,\"2\":8.749,\"3\":null},\"CR(p)\":{\"0\":5.784,\"1\":8.683,\"2\":9.51,\"3\":null},\"dofs(u_x)\":{\"0\":197633,\"1\":33020,\"2\":3701,\"3\":423},\"dofs(u_y)\":{\"0\":197633,\"1\":33020,\"2\":3701,\"3\":423},\"dofs(p)\":{\"0\":49665,\"1\":8587,\"2\":989,\"3\":104},\"O(ml)\":{\"0\":1.39,\"1\":null,\"2\":null,\"3\":null},\"O(ml(A))\":{\"0\":1.189,\"1\":null,\"2\":null,\"3\":null},\"O(u_x)\":{\"0\":1.3766599709,\"1\":null,\"2\":null,\"3\":null},\"O(u_y)\":{\"0\":1.3766599709,\"1\":null,\"2\":null,\"3\":null},\"O(p)\":{\"0\":1.3915790814,\"1\":null,\"2\":null,\"3\":null},\"eigs(MA)\":{\"0\":0.0,\"1\":0.0,\"2\":0.0,\"3\":0.0},\"Aloc(mean)\":{\"0\":null,\"1\":null,\"2\":null,\"3\":null},\"Aloc(std)\":{\"0\":null,\"1\":null,\"2\":null,\"3\":null},\"Aloc(min)\":{\"0\":null,\"1\":null,\"2\":null,\"3\":null},\"Aloc(max)\":{\"0\":null,\"1\":null,\"2\":null,\"3\":null},\"Aloc(sum)\":{\"0\":null,\"1\":null,\"2\":null,\"3\":null},\"Aloc(sq_sum)\":{\"0\":null,\"1\":null,\"2\":null,\"3\":null},\"Aloc(num)\":{\"0\":null,\"1\":null,\"2\":null,\"3\":null}}",
  "111875": "{\"dofs\":{\"0\":111875,\"1\":18868,\"2\":2165},\"nnz\":{\"0\":1548754,\"1\":508936,\"2\":83578},\"nnz(%)\":{\"0\":72.33,\"1\":23.77,\"2\":3.9},\"CR\":{\"0\":5.93,\"1\":8.72,\"2\":null},\"Ratio[v\\/p]\":{\"0\":7.918,\"1\":7.431,\"2\":7.17},\"CR(u_x)\":{\"0\":5.973,\"1\":8.698,\"2\":9.019},\"CR(u_y)\":{\"0\":5.973,\"1\":8.808,\"2\":8.505},\"CR(p)\":{\"0\":5.605,\"1\":8.445,\"2\":null},\"dofs(u_x)\":{\"0\":49665,\"1\":8315,\"2\":956},\"dofs(u_y)\":{\"0\":49665,\"1\":8315,\"2\":944},\"dofs(p)\":{\"0\":12545,\"1\":2238,\"2\":265},\"O(ml)\":{\"0\":1.383,\"1\":null,\"2\":null},\"O(ml(A))\":{\"0\":1.188,\"1\":null,\"2\":null},\"O(u_x)\":{\"0\":1.3794376723,\"1\":null,\"2\":null},\"O(u_y)\":{\"0\":1.3763351541,\"1\":null,\"2\":null},\"O(p)\":{\"0\":1.3948918997,\"1\":null,\"2\":null},\"eigs(MA)\":{\"0\":0.0,\"1\":0.0,\"2\":0.0},\"Aloc(mean)\":{\"0\":null,\"1\":null,\"2\":null},\"Aloc(std)\":{\"0\":null,\"1\":null,\"2\":null},\"Aloc(min)\":{\"0\":null,\"1\":null,\"2\":null},\"Aloc(max)\":{\"0\":null,\"1\":null,\"2\":null},\"Aloc(sum)\":{\"0\":null,\"1\":null,\"2\":null},\"Aloc(sq_sum)\":{\"0\":null,\"1\":null,\"2\":null},\"Aloc(num)\":{\"0\":null,\"1\":null,\"2\":null}}",