{
  "7534614": "{\"dofs\":{\"0\":7534614,\"1\":541483,\"2\":30223,\"3\":1052},\"nnz\":{\"0\":204128905,\"1\":68879322,\"2\":9214726,\"3\":133597},\"nnz(%)\":{\"0\":72.29,\"1\":24.39,\"2\":3.26,\"3\":0.05},\"CR\":{\"0\":13.91,\"1\":17.92,\"2\":28.73,\"3\":null},\"Ratio[v\\/p]\":{\"0\":23.586,\"1\":19.958,\"2\":15.452,\"3\":13.411},\"CR(u_x)\":{\"0\":14.018,\"1\":18.204,\"2\":28.354,\"3\":null},\"CR(u_y)\":{\"0\":14.018,\"1\":18.114,\"2\":29.84,\"3\":null},\"CR(u_z)\":{\"0\":14.018,\"1\":18.179,\"2\":28.826,\"3\":null},\"CR(p)\":{\"0\":11.861,\"1\":14.065,\"2\":25.164,\"3\":null},\"dofs(u_x)\":{\"0\":2409385,\"1\":171882,\"2\":9442,\"3\":333},\"dofs(u_y)\":{\"0\":2409385,\"1\":171882,\"2\":9489,\"3\":318},\"dofs(u_z)\":{\"0\":2409385,\"1\":171882,\"2\":9455,\"3\":328},\"dofs(p)\":{\"0\":306459,\"1\":25837,\"2\":1837,\"3\":73},\"O(ml)\":{\"0\":1.383,\"1\":null,\"2\":null,\"3\":null},\"O(ml(A))\":{\"0\":1.076,\"1\":null,\"2\":null,\"3\":null},\"O(u_x)\":{\"0\":1.4227158708,\"1\":null,\"2\":null,\"3\":null},\"O(u_y)\":{\"0\":1.4232089675,\"1\":null,\"2\":null,\"3\":null},\"O(u_z)\":{\"0\":1.4228878999,\"1\":null,\"2\":null,\"3\":null},\"O(p)\":{\"0\":1.3993530145,\"1\":null,\"2\":null,\"3\":null},\"eigs(MA)\":{\"0\":0.0,\"1\":[0.365,1.8479],\"2\":[0.9491,2.2977],\"3\":[0.1817,1.8632]},\"Aloc(mean)\":{\"0\":null,\"1\":632.9796028951,\"2\":1184.298312466,\"3\":175.3181306472},\"Aloc(std)\":{\"0\":null,\"1\":208.8494178907,\"2\":406.2110280455,\"3\":61.5290939863},\"Aloc(min)\":{\"0\":null,\"1\":79.0,\"2\":329.0,\"3\":10.0},\"Aloc(max)\":{\"0\":null,\"1\":1063.0,\"2\":2349.0,\"3\":331.0},\"Aloc(sum)\":{\"0\":null,\"1\":16354294.0,\"2\":2175556.0,\"3\":53727819.0},\"Aloc(sq_sum)\":{\"0\":null,\"1\":11478894838.0,\"2\":2879625892.0,\"3\":10579662285.0},\"Aloc(num)\":{\"0\":null,\"1\":25837.0,\"2\":1837.0,\"3\":306459.0}}",
  "5346900": "{\"dofs\":{\"0\":5346900,\"1\":382305,\"2\":21477,\"3\":812},\"nnz\":{\"0\":142808679,\"1\":48159136,\"2\":6112897,\"3\":98040},\"nnz(%)\":{\"0\":72.43,\"1\":24.42,\"2\":3.1,\"3\":0.05},\"CR\":{\"0\":13.99,\"1\":17.8,\"2\":26.45,\"3\":null},\"Ratio[v\\/p]\":{\"0\":23.435,\"1\":19.487,\"2\":16.018,\"3\":9.973},\"CR(u_x)\":{\"0\":14.102,\"1\":17.998,\"2\":27.602,\"3\":null},\"CR(u_y)\":{\"0\":14.102,\"1\":17.969,\"2\":27.092,\"3\":null},\"CR(u_z)\":{\"0\":14.102,\"1\":18.0,\"2\":27.486,\"3\":null},\"CR(p)\":{\"0\":11.726,\"1\":14.787,\"2\":17.054,\"3\":null},\"dofs(u_x)\":{\"0\":1709361,\"1\":121216,\"2\":6735,\"3\":244},\"dofs(u_y)\":{\"0\":1709361,\"1\":121216,\"2\":6746,\"3\":249},\"dofs(u_z)\":{\"0\":1709361,\"1\":121212,\"2\":6734,\"3\":245},\"dofs(p)\":{\"0\":218817,\"1\":18661,\"2\":1262,\"3\":74},\"O(ml)\":{\"0\":1.381,\"1\":null,\"2\":null,\"3\":null},\"O(ml(A))\":{\"0\":1.076,\"1\":null,\"2\":null,\"3\":null},\"O(u_x)\":{\"0\":1.4207011765,\"1\":null,\"2\":null,\"3\":null},\"O(u_y)\":{\"0\":1.4209997893,\"1\":null,\"2\":null,\"3\":null},\"O(u_z)\":{\"0\":1.4205664215,\"1\":null,\"2\":null,\"3\":null},\"O(p)\":{\"0\":1.3917731933,\"1\":null,\"2\":null,\"3\":null},\"eigs(MA)\":{\"0\":0.0,\"1\":[0.3927,1.837],\"2\":[0.9342,1.9445],\"3\":[0.1862,1.8554]},\"Aloc(mean)\":{\"0\":null,\"1\":614.5662075987,\"2\":1110.4001584786,\"3\":171.9503420667},\"Aloc(std)\":{\"0\":null,\"1\":212.7044294116,\"2\":379.0787679334,\"3\":63.5626556405},\"Aloc(min)\":{\"0\":null,\"1\":100.0,\"2\":368.0,\"3\":10.0},\"Aloc(max)\":{\"0\":null,\"1\":1109.0,\"2\":2298.0,\"3\":331.0},\"Aloc(sum)\":{\"0\":null,\"1\":11468420.0,\"2\":1401325.0,\"3\":37625658.0},\"Aloc(sq_sum)\":{\"0\":null,\"1\":7892386262.0,\"2\":1737381801.0,\"3\":7353811656.0},\"Aloc(num)\":{\"0\":null,\"1\":18661.0,\"2\":1262.0,\"3\":218817.0}}",
  "3762040": "{\"dofs\":{\"0\":3762040,\"1\":267806,\"2\":15292},\"nnz\":{\"0\":98834564,\"1\":33348321,\"2\":4223823},\"nnz(%)\":{\"0\":72.46,\"1\":24.45,\"2\":3.1},\"CR\":{\"0\":14.05,\"1\":17.51,\"2\":null},\"Ratio[v\\/p]\":{\"0\":23.263,\"1\":19.041,\"2\":14.126},\"CR(u_x)\":{\"0\":14.172,\"1\":17.925,\"2\":26.74},\"CR(u_y)\":{\"0\":14.178,\"1\":17.708,\"2\":26.313},\"CR(u_z)\":{\"0\":14.178,\"1\":17.819,\"2\":26.148},\"CR(p)\":{\"0\":11.603,\"1\":13.218,\"2\":null},\"dofs(u_x)\":{\"0\":1202329,\"1\":84838,\"2\":4733},\"dofs(u_y)\":{\"0\":1202329,\"1\":84804,\"2\":4789},\"dofs(u_z)\":{\"0\":1202329,\"1\":84801,\"2\":4759},\"dofs(p)\":{\"0\":155053,\"1\":13363,\"2\":1011},\"O(ml)\":{\"0\":1.38,\"1\":null,\"2\":null},\"O(ml(A))\":{\"0\":1.075,\"1\":null,\"2\":null},\"O(u_x)\":{\"0\":1.4187079717,\"1\":null,\"2\":null},\"O(u_y)\":{\"0\":1.4193478221,\"1\":null,\"2\":null},\"O(u_z)\":{\"0\":1.418920511,\"1\":null,\"2\":null},\"O(p)\":{\"0\":1.3944034619,\"1\":null,\"2\":null},\"eigs(MA)\":{\"0\":0.0,\"1\":[0.4293,1.8122],\"2\":[0.192,1.8497]},\"Aloc(mean)\":{\"0\":null,\"1\":595.7816358602,\"2\":168.1386429156},\"Aloc(std)\":{\"0\":null,\"1\":215.0021266205,\"2\":65.6008011823},\"Aloc(min)\":{\"0\":null,\"1\":91.0,\"2\":7.0},\"Aloc(max)\":{\"0\":null,\"1\":1063.0,\"2\":316.0},\"Aloc(sum)\":{\"0\":null,\"1\":7961430.0,\"2\":26070401.0},\"Aloc(sq_sum)\":{\"0\":null,\"1\":5360990684.0,\"2\":5050707021.0},\"Aloc(num)\":{\"0\":null,\"1\":13363.0,\"2\":155053.0}}",
  "2619023": "{\"dofs\":{\"0\":2619023,\"1\":183392,\"2\":11375},\"nnz\":{\"0\":67495010,\"1\":22516345,\"2\":2949351},\"nnz(%)\":{\"0\":72.61,\"1\":24.22,\"2\":3.17},\"CR\":{\"0\":14.28,\"1\":16.12,\"2\":null},\"Ratio[v\\/p]\":{\"0\":23.064,\"1\":18.298,\"2\":15.486},\"CR(u_x)\":{\"0\":14.436,\"1\":16.227,\"2\":25.155},\"CR(u_y)\":{\"0\":14.436,\"1\":16.323,\"2\":24.66},\"CR(u_z)\":{\"0\":14.436,\"1\":16.273,\"2\":24.736},\"CR(p)\":{\"0\":11.453,\"1\":13.772,\"2\":null},\"dofs(u_x)\":{\"0\":836729,\"1\":57963,\"2\":3572},\"dofs(u_y)\":{\"0\":836729,\"1\":57963,\"2\":3551},\"dofs(u_z)\":{\"0\":836729,\"1\":57963,\"2\":3562},\"dofs(p)\":{\"0\":108836,\"1\":9503,\"2\":690},\"O(ml)\":{\"0\":1.377,\"1\":null,\"2\":null},\"O(ml(A))\":{\"0\":1.074,\"1\":null,\"2\":null},\"O(u_x)\":{\"0\":1.416642028,\"1\":null,\"2\":null},\"O(u_y)\":{\"0\":1.4160536007,\"1\":null,\"2\":null},\"O(u_z)\":{\"0\":1.4163859298,\"1\":null,\"2\":null},\"O(p)\":{\"0\":1.3863431551,\"1\":null,\"2\":null},\"eigs(MA)\":{\"0\":0.0,\"1\":[0.4694,1.84],\"2\":[0.1989,1.8396]},\"Aloc(mean)\":{\"0\":null,\"1\":569.8074292329,\"2\":163.8121669301},\"Aloc(std)\":{\"0\":null,\"1\":214.8123838718,\"2\":67.553684066},\"Aloc(min)\":{\"0\":null,\"1\":94.0,\"2\":10.0},\"Aloc(max)\":{\"0\":null,\"1\":1021.0,\"2\":316.0},\"Aloc(sum)\":{\"0\":null,\"1\":5414880.0,\"2\":17828661.0},\"Aloc(sq_sum)\":{\"0\":null,\"1\":3523948708.0,\"2\":3417224703.0},\"Aloc(num)\":{\"0\":null,\"1\":9503.0,\"2\":108836.0}}",