{
  "4328003": "{\"dofs\":{\"0\":4328003,\"1\":722753,\"2\":81290,\"3\":8423,\"4\":784},\"nnz\":{\"0\":61248403,\"1\":19631751,\"2\":3442538,\"3\":484587,\"4\":49645},\"nnz(%)\":{\"0\":72.18,\"1\":23.14,\"2\":4.06,\"3\":0.57,\"4\":0.06},\"CR\":{\"0\":5.99,\"1\":8.89,\"2\":9.65,\"3\":10.74,\"4\":null},\"Ratio[v\\/p]\":{\"0\":7.987,\"1\":7.905,\"2\":7.765,\"3\":9.45,\"4\":7.615},\"CR(u_x)\":{\"0\":5.995,\"1\":8.909,\"2\":9.453,\"3\":11.009,\"4\":null},\"CR(u_y)\":{\"0\":5.995,\"1\":8.909,\"2\":9.456,\"3\":10.974,\"4\":null},\"CR(p)\":{\"0\":5.934,\"1\":8.751,\"2\":11.506,\"3\":8.857,\"4\":null},\"dofs(u_x)\":{\"0\":1923201,\"1\":320797,\"2\":36008,\"3\":3809,\"4\":346},\"dofs(u_y)\":{\"0\":1923201,\"1\":320797,\"2\":36008,\"3\":3808,\"4\":347},\"dofs(p)\":{\"0\":481601,\"1\":81159,\"2\":9274,\"3\":806,\"4\":91},\"O(ml)\":{\"0\":1.385,\"1\":null,\"2\":null,\"3\":null,\"4\":null},\"O(ml(A))\":{\"0\":1.188,\"1\":null,\"2\":null,\"3\":null,\"4\":null},\"O(u_x)\":{\"0\":1.3790247595,\"1\":null,\"2\":null,\"3\":null,\"4\":null},\"O(u_y)\":{\"0\":1.3790292302,\"1\":null,\"2\":null,\"3\":null,\"4\":null},\"O(p)\":{\"0\":1.3811904692,\"1\":null,\"2\":null,\"3\":null,\"4\":null},\"eigs(MA)\":{\"0\":[0.5208,1.384],\"1\":[0.5148,1.492],\"2\":[0.4755,1.5189],\"3\":[0.5131,1.5312],\"4\":[0.5013,1.689]},\"Aloc(mean)\":{\"0\":36.9164993428,\"1\":70.5922941387,\"2\":102.1679965495,\"3\":148.2357320099,\"4\":38.8239766944},\"Aloc(std)\":{\"0\":1.8076197829,\"1\":5.7502731913,\"2\":10.9520405541,\"3\":31.0540473964,\"4\":1.8357161638},\"Aloc(min)\":{\"0\":3,\"1\":17,\"2\":29,\"3\":45,\"4\":3},\"Aloc(max)\":{\"0\":39,\"1\":81,\"2\":127,\"3\":205,\"4\":39},\"Aloc(sum)\":{\"0\":17779023,\"1\":5729200,\"2\":947506,\"3\":119478,\"4\":18697666},\"Aloc(sq_sum)\":{\"0\":657912917,\"1\":407120946,\"2\":97917180,\"3\":18488178,\"4\":727540674},\"Aloc(num)\":{\"0\":481601,\"1\":81159,\"2\":9274,\"3\":806,\"4\":481601}}",
  "3314503": "{\"dofs\":{\"0\":3314503,\"1\":553743,\"2\":61838,\"3\":6978,\"4\":618},\"nnz\":{\"0\":46806172,\"1\":15242310,\"2\":2539388,\"3\":395534,\"4\":36178},\"nnz(%)\":{\"0\":71.99,\"1\":23.44,\"2\":3.91,\"3\":0.61,\"4\":0.06},\"CR\":{\"0\":5.99,\"1\":8.95,\"2\":8.86,\"3\":11.29,\"4\":null},\"Ratio[v\\/p]\":{\"0\":7.985,\"1\":7.881,\"2\":7.737,\"3\":9.322,\"4\":7.583},\"CR(u_x)\":{\"0\":5.994,\"1\":8.974,\"2\":8.689,\"3\":11.542,\"4\":null},\"CR(u_y)\":{\"0\":5.994,\"1\":8.974,\"2\":8.689,\"3\":11.542,\"4\":null},\"CR(p)\":{\"0\":5.917,\"1\":8.809,\"2\":10.47,\"3\":9.389,\"4\":null},\"dofs(u_x)\":{\"0\":1472801,\"1\":245697,\"2\":27380,\"3\":3151,\"4\":273},\"dofs(u_y)\":{\"0\":1472801,\"1\":245697,\"2\":27380,\"3\":3151,\"4\":273},\"dofs(p)\":{\"0\":368901,\"1\":62349,\"2\":7078,\"3\":676,\"4\":72},\"O(ml)\":{\"0\":1.389,\"1\":null,\"2\":null,\"3\":null,\"4\":null},\"O(ml(A))\":{\"0\":1.188,\"1\":null,\"2\":null,\"3\":null,\"4\":null},\"O(u_x)\":{\"0\":1.3763994256,\"1\":null,\"2\":null,\"3\":null,\"4\":null},\"O(u_y)\":{\"0\":1.3763994256,\"1\":null,\"2\":null,\"3\":null,\"4\":null},\"O(p)\":{\"0\":1.3836850839,\"1\":null,\"2\":null,\"3\":null,\"4\":null},\"eigs(MA)\":{\"0\":[0.5512,1.3435],\"1\":[0.4985,1.5158],\"2\":[0.4951,1.4808],\"3\":[0.4869,1.5517],\"4\":[0.5407,1.6479]},\"Aloc(mean)\":{\"0\":36.71475816,\"1\":72.0386694253,\"2\":100.040972026,\"3\":149.3284023669,\"4\":38.7997999463},\"Aloc(std)\":{\"0\":1.9199029298,\"1\":7.2551686694,\"2\":12.2066257451,\"3\":30.3237729371,\"4\":1.9561432995},\"Aloc(min)\":{\"0\":3,\"1\":17,\"2\":29,\"3\":39,\"4\":3},\"Aloc(max)\":{\"0\":39,\"1\":83,\"2\":123,\"3\":207,\"4\":39},\"Aloc(sum)\":{\"0\":13544111,\"1\":4491539,\"2\":708090,\"3\":100946,\"4\":14313285},\"Aloc(sq_sum)\":{\"0\":498628539,\"1\":326846387,\"2\":71892646,\"3\":15695708,\"4\":556764193},\"Aloc(num)\":{\"0\":368901,\"1\":62349,\"2\":7078,\"3\":676,\"4\":368901}}",
  "1774595": "{\"dofs\":{\"0\":1774595,\"1\":296669,\"2\":33320,\"3\":3311},\"nnz\":{\"0\":24944225,\"1\":8050453,\"2\":1383906,\"3\":173501},\"nnz(%)\":{\"0\":72.19,\"1\":23.3,\"2\":4.01,\"3\":0.5},\"CR\":{\"0\":5.98,\"1\":8.9,\"2\":10.06,\"3\":null},\"Ratio[v\\/p]\":{\"0\":7.979,\"1\":7.854,\"2\":7.65,\"3\":8.569},\"CR(u_x)\":{\"0\":5.992,\"1\":8.93,\"2\":9.969,\"3\":10.054},\"CR(u_y)\":{\"0\":5.992,\"1\":8.93,\"2\":9.909,\"3\":9.123},\"CR(p)\":{\"0\":5.898,\"1\":8.699,\"2\":11.133,\"3\":null},\"dofs(u_x)\":{\"0\":788481,\"1\":131581,\"2\":14734,\"3\":1478},\"dofs(u_y)\":{\"0\":788481,\"1\":131581,\"2\":14734,\"3\":1487},\"dofs(p)\":{\"0\":197633,\"1\":33507,\"2\":3852,\"3\":346},\"O(ml)\":{\"0\":1.385,\"1\":null,\"2\":null,\"3\":null},\"O(ml(A))\":{\"0\":1.188,\"1\":null,\"2\":null,\"3\":null},\"O(u_x)\":{\"0\":1.3765103073,\"1\":null,\"2\":null,\"3\":null},\"O(u_y)\":{\"0\":1.3761561245,\"1\":null,\"2\":null,\"3\":null},\"O(p)\":{\"0\":1.3822119899,\"1\":null,\"2\":null,\"3\":null},\"eigs(MA)\":{\"0\":[0.5239,1.3549],\"1\":[0.5714,1.45],\"2\":[0.5512,1.4389],\"3\":[0.535,1.6525]},\"Aloc(mean)\":{\"0\":36.331331306,\"1\":70.1357626765,\"2\":99.8974558671,\"3\":38.7245905289},\"Aloc(std)\":{\"0\":2.1880816396,\"1\":6.7105090206,\"2\":13.3594030095,\"3\":2.2822293371},\"Aloc(min)\":{\"0\":3,\"1\":17,\"2\":29,\"3\":3},\"Aloc(max)\":{\"0\":37,\"1\":81,\"2\":123,\"3\":39},\"Aloc(sum)\":{\"0\":7180270,\"1\":2350039,\"2\":384805,\"3\":7653257},\"Aloc(sq_sum)\":{\"0\":261814976,\"1\":166330629,\"2\":39128521,\"3\":297398629},\"Aloc(num)\":{\"0\":197633,\"1\":33507,\"2\":3852,\"3\":197633}}",
  "444931": "{\"dofs\":{\"0\":444931,\"1\":74627,\"2\":8391,\"3\":950},\"nnz\":{\"0\":6222466,\"1\":2043212,\"2\":337188,\"3\":48626},\"nnz(%)\":{\"0\":71.92,\"1\":23.62,\"2\":3.9,\"3\":0.56},\"CR\":{\"0\":5.96,\"1\":8.89,\"2\":8.83,\"3\":null},\"Ratio[v\\/p]\":{\"0\":7.959,\"1\":7.691,\"2\":7.484,\"3\":8.135},\"CR(u_x)\":{\"0\":5.985,\"1\":8.922,\"2\":8.749,\"3\":null},\"CR(u_y)\":{\"0\":5.985,\"1\":8.922,\"2\":8.749,\"3\":null},\"CR(p)\":{\"0\":5.784,\"1\":8.683,\"2\":9.51,\"3\":null},\"dofs(u_x)\":{\"0\":197633,\"1\":33020,\"2\":3701,\"3\":423},\"dofs(u_y)\":{\"0\":197633,\"1\":33020,\"2\":3701,\"3\":423},\"dofs(p)\":{\"0\":49665,\"1\":8587,\"2\":989,\"3\":104},\"O(ml)\":{\"0\":1.39,\"1\":null,\"2\":null,\"3\":null},\"O(ml(A))\":{\"0\":1.189,\"1\":null,\"2\":null,\"3\":null},\"O(u_x)\":{\"0\":1.3766599709,\"1\":null,\"2\":null,\"3\":null},\"O(u_y)\":{\"0\":1.3766599709,\"1\":null,\"2\":null,\"3\":null},\"O(p)\":{\"0\":1.3915790814,\"1\":null,\"2\":null,\"3\":null},\"eigs(MA)\":{\"0\":[0.5421,1.3388],\"1\":[0.5615,1.506],\"2\":[0.6108,1.4438],\"3\":[0.5396,1.6383]},\"Aloc(mean)\":{\"0\":36.0921171851,\"1\":70.0838476767,\"2\":95.1466127401,\"3\":38.4583710863},\"Aloc(std)\":{\"0\":3.0320864185,\"1\":9.527180229,\"2\":17.5524561541,\"3\":3.2002597996},\"Aloc(min)\":{\"0\":3,\"1\":17,\"2\":29,\"3\":3},\"Aloc(max)\":{\"0\":37,\"1\":83,\"2\":125,\"3\":39},\"Aloc(sum)\":{\"0\":1792515,\"1\":601810,\"2\":94100,\"3\":1910035},\"Aloc(sq_sum)\":{\"0\":65152259,\"1\":42956578,\"2\":9257996,\"3\":73965487},\"Aloc(num)\":{\"0\":49665,\"1\":8587,\"2\":989,\"3\":49665}}",