{
  "4951877": "{\"dofs\":{\"0\":4951877,\"1\":645431,\"2\":73563,\"3\":8084,\"4\":889},\"nnz\":{\"0\":92032543,\"1\":26060645,\"2\":4736400,\"3\":683701,\"4\":75351},\"nnz(%)\":{\"0\":74.47,\"1\":21.09,\"2\":3.83,\"3\":0.55,\"4\":0.06},\"CR\":{\"0\":7.67,\"1\":8.77,\"2\":9.1,\"3\":9.09,\"4\":null},\"Ratio[v\\/p]\":{\"0\":7.986,\"1\":7.976,\"2\":8.17,\"3\":8.303,\"4\":8.457},\"CR(u_x)\":{\"0\":7.673,\"1\":8.753,\"2\":9.07,\"3\":9.098,\"4\":null},\"CR(u_y)\":{\"0\":7.673,\"1\":8.748,\"2\":9.098,\"3\":9.053,\"4\":null},\"CR(p)\":{\"0\":7.664,\"1\":8.963,\"2\":9.231,\"3\":9.245,\"4\":null},\"dofs(u_x)\":{\"0\":2200404,\"1\":286764,\"2\":32760,\"3\":3612,\"4\":397},\"dofs(u_y)\":{\"0\":2200404,\"1\":286764,\"2\":32781,\"3\":3603,\"4\":398},\"dofs(p)\":{\"0\":551069,\"1\":71903,\"2\":8022,\"3\":869,\"4\":94},\"O(ml)\":{\"0\":1.343,\"1\":null,\"2\":null,\"3\":null,\"4\":null},\"O(ml(A))\":{\"0\":1.147,\"1\":null,\"2\":null,\"3\":null,\"4\":null},\"O(u_x)\":{\"0\":1.3622921663,\"1\":null,\"2\":null,\"3\":null,\"4\":null},\"O(u_y)\":{\"0\":1.3623081622,\"1\":null,\"2\":null,\"3\":null,\"4\":null},\"O(p)\":{\"0\":1.2992898999,\"1\":null,\"2\":null,\"3\":null,\"4\":null},\"eigs(MA)\":{\"0\":[{\"imag\":-0.3442,\"real\":1.0459},{\"imag\":0.3442,\"real\":1.0459}],\"1\":[0.5394,1.3774],\"2\":[0.7967,1.1969],\"3\":[{\"imag\":-0.5292,\"real\":1.0024},{\"imag\":0.5292,\"real\":1.0024}],\"4\":0.0},\"Aloc(mean)\":{\"0\":38.7858834375,\"1\":76.8871674339,\"2\":129.2454500125,\"3\":172.5063291139,\"4\":null},\"Aloc(std)\":{\"0\":1.9855369618,\"1\":6.7804632888,\"2\":15.6550388996,\"3\":32.2236362511,\"4\":null},\"Aloc(min)\":{\"0\":9.0,\"1\":23.0,\"2\":39.0,\"3\":63.0,\"4\":null},\"Aloc(max)\":{\"0\":51.0,\"1\":97.0,\"2\":175.0,\"3\":223.0,\"4\":null},\"Aloc(sum)\":{\"0\":21373698.0,\"1\":5528418.0,\"2\":1036807.0,\"3\":149908.0,\"4\":null},\"Aloc(sq_sum)\":{\"0\":831170270.0,\"1\":428370118.0,\"2\":135968621.0,\"3\":26762416.0,\"4\":null},\"Aloc(num)\":{\"0\":551069.0,\"1\":71903.0,\"2\":8022.0,\"3\":869.0,\"4\":null}}",
  "2248204": "{\"dofs\":{\"0\":2248204,\"1\":288345,\"2\":32856,\"3\":3644},\"nnz\":{\"0\":41699857,\"1\":11524904,\"2\":2063244,\"3\":291561},\"nnz(%)\":{\"0\":75.03,\"1\":20.74,\"2\":3.71,\"3\":0.52},\"CR\":{\"0\":7.8,\"1\":8.78,\"2\":9.02,\"3\":null},\"Ratio[v\\/p]\":{\"0\":7.979,\"1\":8.038,\"2\":8.188,\"3\":8.179},\"CR(u_x)\":{\"0\":7.791,\"1\":8.758,\"2\":9.031,\"3\":9.21},\"CR(u_y)\":{\"0\":7.791,\"1\":8.758,\"2\":9.004,\"3\":9.135},\"CR(p)\":{\"0\":7.848,\"1\":8.922,\"2\":9.008,\"3\":null},\"dofs(u_x)\":{\"0\":998912,\"1\":128220,\"2\":14640,\"3\":1621},\"dofs(u_y)\":{\"0\":998912,\"1\":128220,\"2\":14640,\"3\":1626},\"dofs(p)\":{\"0\":250380,\"1\":31905,\"2\":3576,\"3\":397},\"O(ml)\":{\"0\":1.333,\"1\":null,\"2\":null,\"3\":null},\"O(ml(A))\":{\"0\":1.144,\"1\":null,\"2\":null,\"3\":null},\"O(u_x)\":{\"0\":1.3523345694,\"1\":null,\"2\":null,\"3\":null},\"O(u_y)\":{\"0\":1.3523786425,\"1\":null,\"2\":null,\"3\":null},\"O(p)\":{\"0\":1.2896058472,\"1\":null,\"2\":null,\"3\":null},\"eigs(MA)\":{\"0\":[{\"imag\":-0.3611,\"real\":1.0459},{\"imag\":0.3611,\"real\":1.0459}],\"1\":[0.6081,1.312],\"2\":[{\"imag\":-0.1486,\"real\":0.9987},{\"imag\":0.1486,\"real\":0.9987}],\"3\":0.0},\"Aloc(mean)\":{\"0\":38.6909417685,\"1\":76.6791098574,\"2\":126.3176733781,\"3\":null},\"Aloc(std)\":{\"0\":2.3972689749,\"1\":7.8217942133,\"2\":17.9664670487,\"3\":null},\"Aloc(min)\":{\"0\":9.0,\"1\":23.0,\"2\":37.0,\"3\":null},\"Aloc(max)\":{\"0\":51.0,\"1\":95.0,\"2\":165.0,\"3\":null},\"Aloc(sum)\":{\"0\":9687438.0,\"1\":2446447.0,\"2\":451712.0,\"3\":null},\"Aloc(sq_sum)\":{\"0\":376255008.0,\"1\":189543341.0,\"2\":58213520.0,\"3\":null},\"Aloc(num)\":{\"0\":250380.0,\"1\":31905.0,\"2\":3576.0,\"3\":null}}",
  "1021759": "{\"dofs\":{\"0\":1021759,\"1\":131138,\"2\":14996,\"3\":1675},\"nnz\":{\"0\":18900067,\"1\":5219441,\"2\":923249,\"3\":124102},\"nnz(%)\":{\"0\":75.1,\"1\":20.74,\"2\":3.67,\"3\":0.49},\"CR\":{\"0\":7.79,\"1\":8.74,\"2\":8.95,\"3\":null},\"Ratio[v\\/p]\":{\"0\":7.969,\"1\":8.095,\"2\":8.274,\"3\":8.358},\"CR(u_x)\":{\"0\":7.778,\"1\":8.723,\"2\":8.944,\"3\":8.8},\"CR(u_y)\":{\"0\":7.778,\"1\":8.725,\"2\":8.943,\"3\":8.5},\"CR(p)\":{\"0\":7.901,\"1\":8.917,\"2\":9.034,\"3\":null},\"dofs(u_x)\":{\"0\":453920,\"1\":58360,\"2\":6690,\"3\":748},\"dofs(u_y)\":{\"0\":453920,\"1\":58360,\"2\":6689,\"3\":748},\"dofs(p)\":{\"0\":113919,\"1\":14418,\"2\":1617,\"3\":179},\"O(ml)\":{\"0\":1.332,\"1\":null,\"2\":null,\"3\":null},\"O(ml(A))\":{\"0\":1.145,\"1\":null,\"2\":null,\"3\":null},\"O(u_x)\":{\"0\":1.3523281295,\"1\":null,\"2\":null,\"3\":null},\"O(u_y)\":{\"0\":1.3523424433,\"1\":null,\"2\":null,\"3\":null},\"O(p)\":{\"0\":1.2828089948,\"1\":null,\"2\":null,\"3\":null},\"eigs(MA)\":{\"0\":[{\"imag\":-0.1424,\"real\":1.0466},{\"imag\":0.1424,\"real\":1.0466}],\"1\":[0.7791,1.1501],\"2\":[{\"imag\":-0.3728,\"real\":1.0181},{\"imag\":0.3728,\"real\":1.0181}],\"3\":0.0},\"Aloc(mean)\":{\"0\":38.5728017275,\"1\":76.5793452629,\"2\":124.0303030303,\"3\":null},\"Aloc(std)\":{\"0\":2.9065054658,\"1\":8.8243589688,\"2\":20.5201307731,\"3\":null},\"Aloc(min)\":{\"0\":9.0,\"1\":19.0,\"2\":31.0,\"3\":null},\"Aloc(max)\":{\"0\":45.0,\"1\":95.0,\"2\":169.0,\"3\":null},\"Aloc(sum)\":{\"0\":4394175.0,\"1\":1104121.0,\"2\":200557.0,\"3\":null},\"Aloc(sq_sum)\":{\"0\":170458003.0,\"1\":85675583.0,\"2\":25556025.0,\"3\":null},\"Aloc(num)\":{\"0\":113919.0,\"1\":14418.0,\"2\":1617.0,\"3\":null}}",
  "466334": "{\"dofs\":{\"0\":466334,\"1\":59886,\"2\":6872,\"3\":774},\"nnz\":{\"0\":8588573,\"1\":2366170,\"2\":410732,\"3\":51311},\"nnz(%)\":{\"0\":75.23,\"1\":20.73,\"2\":3.6,\"3\":0.45},\"CR\":{\"0\":7.79,\"1\":8.71,\"2\":8.88,\"3\":null},\"Ratio[v\\/p]\":{\"0\":7.955,\"1\":8.035,\"2\":8.138,\"3\":8.106},\"CR(u_x)\":{\"0\":7.778,\"1\":8.702,\"2\":8.87,\"3\":null},\"CR(u_y)\":{\"0\":7.778,\"1\":8.702,\"2\":8.895,\"3\":null},\"CR(p)\":{\"0\":7.857,\"1\":8.814,\"2\":8.847,\"3\":null},\"dofs(u_x)\":{\"0\":207128,\"1\":26629,\"2\":3060,\"3\":345},\"dofs(u_y)\":{\"0\":207128,\"1\":26629,\"2\":3060,\"3\":344},\"dofs(p)\":{\"0\":52078,\"1\":6628,\"2\":752,\"3\":85},\"O(ml)\":{\"0\":1.329,\"1\":null,\"2\":null,\"3\":null},\"O(ml(A))\":{\"0\":1.145,\"1\":null,\"2\":null,\"3\":null},\"O(u_x)\":{\"0\":1.3496481399,\"1\":null,\"2\":null,\"3\":null},\"O(u_y)\":{\"0\":1.3496221613,\"1\":null,\"2\":null,\"3\":null},\"O(p)\":{\"0\":1.2802130444,\"1\":null,\"2\":null,\"3\":null},\"eigs(MA)\":{\"0\":[{\"imag\":-0.0918,\"real\":1.0497},{\"imag\":0.0918,\"real\":1.0497}],\"1\":[0.5838,1.3665],\"2\":[{\"imag\":-0.4122,\"real\":1.0335},{\"imag\":0.4122,\"real\":1.0335}],\"3\":0.0},\"Aloc(mean)\":{\"0\":38.3702139099,\"1\":75.5022631261,\"2\":118.6542553191,\"3\":null},\"Aloc(std)\":{\"0\":3.5076033344,\"1\":10.1343343321,\"2\":23.4360863087,\"3\":null},\"Aloc(min)\":{\"0\":9.0,\"1\":23.0,\"2\":37.0,\"3\":null},\"Aloc(max)\":{\"0\":45.0,\"1\":93.0,\"2\":155.0,\"3\":null},\"Aloc(sum)\":{\"0\":1998244.0,\"1\":500429.0,\"2\":89228.0,\"3\":null},\"Aloc(sq_sum)\":{\"0\":77313780.0,\"1\":38464249.0,\"2\":11000318.0,\"3\":null},\"Aloc(num)\":{\"0\":52078.0,\"1\":6628.0,\"2\":752.0,\"3\":null}}",