{
  "4145768": "{\"dofs\":{\"0\":4145768,\"1\":290993,\"2\":17267},\"nnz\":{\"0\":173884551,\"1\":76040229,\"2\":9307441},\"nnz(%)\":{\"0\":67.08,\"1\":29.33,\"2\":3.59},\"CR\":{\"0\":14.25,\"1\":16.85,\"2\":null},\"Ratio[v\\/p]\":{\"0\":23.693,\"1\":19.773,\"2\":21.84},\"CR(u_x)\":{\"0\":14.371,\"1\":16.742,\"2\":34.88},\"CR(u_y)\":{\"0\":14.365,\"1\":16.716,\"2\":35.172},\"CR(u_z)\":{\"0\":14.348,\"1\":16.87,\"2\":34.671},\"CR(p)\":{\"0\":11.985,\"1\":18.529,\"2\":null},\"dofs(u_x)\":{\"0\":1325959,\"1\":92266,\"2\":5511},\"dofs(u_y)\":{\"0\":1325959,\"1\":92304,\"2\":5522},\"dofs(u_z)\":{\"0\":1325959,\"1\":92415,\"2\":5478},\"dofs(p)\":{\"0\":167891,\"1\":14008,\"2\":756},\"O(ml)\":{\"0\":1.491,\"1\":null,\"2\":null},\"O(ml(A))\":{\"0\":1.074,\"1\":null,\"2\":null},\"O(u_x)\":{\"0\":1.5327073933,\"1\":null,\"2\":null},\"O(u_y)\":{\"0\":1.5329545712,\"1\":null,\"2\":null},\"O(u_z)\":{\"0\":1.5330445526,\"1\":null,\"2\":null},\"O(p)\":{\"0\":1.3781037807,\"1\":null,\"2\":null},\"eigs(MA)\":{\"0\":[0.0675,1.234],\"1\":[0.1515,1.5615],\"2\":0.0},\"Aloc(mean)\":{\"0\":189.2027208129,\"1\":848.3726442033,\"2\":null},\"Aloc(std)\":{\"0\":46.4120692005,\"1\":236.0648491249,\"2\":null},\"Aloc(min)\":{\"0\":22.0,\"1\":151.0,\"2\":null},\"Aloc(max)\":{\"0\":331.0,\"1\":1344.0,\"2\":null},\"Aloc(sum)\":{\"0\":31765434.0,\"1\":11884004.0,\"2\":null},\"Aloc(sq_sum)\":{\"0\":6371757214.0,\"1\":10862682292.0,\"2\":null},\"Aloc(num)\":{\"0\":167891.0,\"1\":14008.0,\"2\":null}}",
  "1821303": "{\"dofs\":{\"0\":1821303,\"1\":128280,\"2\":7686},\"nnz\":{\"0\":75446578,\"1\":32205655,\"2\":3478339},\"nnz(%)\":{\"0\":67.89,\"1\":28.98,\"2\":3.13},\"CR\":{\"0\":14.2,\"1\":16.69,\"2\":null},\"Ratio[v\\/p]\":{\"0\":23.352,\"1\":19.294,\"2\":20.651},\"CR(u_x)\":{\"0\":14.315,\"1\":16.654,\"2\":32.56},\"CR(u_y)\":{\"0\":14.334,\"1\":16.666,\"2\":31.649},\"CR(u_z)\":{\"0\":14.312,\"1\":16.589,\"2\":null},\"CR(p)\":{\"0\":11.832,\"1\":17.806,\"2\":null},\"dofs(u_x)\":{\"0\":582171,\"1\":40668,\"2\":2442},\"dofs(u_y)\":{\"0\":582171,\"1\":40615,\"2\":2437},\"dofs(u_z)\":{\"0\":582171,\"1\":40676,\"2\":2452},\"dofs(p)\":{\"0\":74790,\"1\":6321,\"2\":355},\"O(ml)\":{\"0\":1.473,\"1\":null,\"2\":null},\"O(ml(A))\":{\"0\":1.075,\"1\":null,\"2\":null},\"O(u_x)\":{\"0\":1.5129697413,\"1\":null,\"2\":null},\"O(u_y)\":{\"0\":1.5114563885,\"1\":null,\"2\":null},\"O(u_z)\":{\"0\":1.5130792676,\"1\":null,\"2\":null},\"O(p)\":{\"0\":1.3667140256,\"1\":null,\"2\":null},\"eigs(MA)\":{\"0\":[0.0702,1.2279],\"1\":[0.1803,1.6887],\"2\":0.0},\"Aloc(mean)\":{\"0\":184.7510629763,\"1\":800.590729315,\"2\":null},\"Aloc(std)\":{\"0\":49.8489990617,\"1\":246.7778362443,\"2\":null},\"Aloc(min)\":{\"0\":22.0,\"1\":155.0,\"2\":null},\"Aloc(max)\":{\"0\":316.0,\"1\":1342.0,\"2\":null},\"Aloc(sum)\":{\"0\":13817532.0,\"1\":5060534.0,\"2\":null},\"Aloc(sq_sum)\":{\"0\":2738651094.0,\"1\":4436361084.0,\"2\":null},\"Aloc(num)\":{\"0\":74790.0,\"1\":6321.0,\"2\":null}}",
  "797014": "{\"dofs\":{\"0\":797014,\"1\":56739,\"2\":3556},\"nnz\":{\"0\":32463571,\"1\":13599495,\"2\":1288120},\"nnz(%)\":{\"0\":68.56,\"1\":28.72,\"2\":2.72},\"CR\":{\"0\":14.05,\"1\":15.96,\"2\":null},\"Ratio[v\\/p]\":{\"0\":22.901,\"1\":18.606,\"2\":19.437},\"CR(u_x)\":{\"0\":14.175,\"1\":16.005,\"2\":null},\"CR(u_y)\":{\"0\":14.187,\"1\":15.851,\"2\":null},\"CR(u_z)\":{\"0\":14.186,\"1\":15.908,\"2\":null},\"CR(p)\":{\"0\":11.522,\"1\":16.632,\"2\":null},\"dofs(u_x)\":{\"0\":254556,\"1\":17958,\"2\":1122},\"dofs(u_y)\":{\"0\":254556,\"1\":17943,\"2\":1132},\"dofs(u_z)\":{\"0\":254556,\"1\":17944,\"2\":1128},\"dofs(p)\":{\"0\":33346,\"1\":2894,\"2\":174},\"O(ml)\":{\"0\":1.459,\"1\":null,\"2\":null},\"O(ml(A))\":{\"0\":1.076,\"1\":null,\"2\":null},\"O(u_x)\":{\"0\":1.4963439376,\"1\":null,\"2\":null},\"O(u_y)\":{\"0\":1.4967731459,\"1\":null,\"2\":null},\"O(u_z)\":{\"0\":1.4964636557,\"1\":null,\"2\":null},\"O(p)\":{\"0\":1.356830879,\"1\":null,\"2\":null},\"eigs(MA)\":{\"0\":[0.0776,1.2404],\"1\":[0.2167,1.8922],\"2\":0.0},\"Aloc(mean)\":{\"0\":178.9102740958,\"1\":742.6572218383,\"2\":null},\"Aloc(std)\":{\"0\":53.7219388002,\"1\":258.6638371269,\"2\":null},\"Aloc(min)\":{\"0\":25.0,\"1\":140.0,\"2\":null},\"Aloc(max)\":{\"0\":376.0,\"1\":1328.0,\"2\":null},\"Aloc(sum)\":{\"0\":5965942.0,\"1\":2149250.0,\"2\":null},\"Aloc(sq_sum)\":{\"0\":1163606432.0,\"1\":1789784836.0,\"2\":null},\"Aloc(num)\":{\"0\":33346.0,\"1\":2894.0,\"2\":null}}",
  "338818": "{\"dofs\":{\"0\":338818,\"1\":24267,\"2\":1616},\"nnz\":{\"0\":13489581,\"1\":5383960,\"2\":404382},\"nnz(%)\":{\"0\":69.97,\"1\":27.93,\"2\":2.1},\"CR\":{\"0\":13.96,\"1\":15.02,\"2\":null},\"Ratio[v\\/p]\":{\"0\":22.333,\"1\":17.973,\"2\":20.263},\"CR(u_x)\":{\"0\":14.108,\"1\":14.735,\"2\":null},\"CR(u_y)\":{\"0\":14.105,\"1\":15.116,\"2\":null},\"CR(u_z)\":{\"0\":14.108,\"1\":14.936,\"2\":null},\"CR(p)\":{\"0\":11.353,\"1\":16.829,\"2\":null},\"dofs(u_x)\":{\"0\":108099,\"1\":7662,\"2\":520},\"dofs(u_y)\":{\"0\":108099,\"1\":7664,\"2\":507},\"dofs(u_z)\":{\"0\":108099,\"1\":7662,\"2\":513},\"dofs(p)\":{\"0\":14521,\"1\":1279,\"2\":76},\"O(ml)\":{\"0\":1.429,\"1\":null,\"2\":null},\"O(ml(A))\":{\"0\":1.076,\"1\":null,\"2\":null},\"O(u_x)\":{\"0\":1.4658121145,\"1\":null,\"2\":null},\"O(u_y)\":{\"0\":1.4642367557,\"1\":null,\"2\":null},\"O(u_z)\":{\"0\":1.4650063376,\"1\":null,\"2\":null},\"O(p)\":{\"0\":1.3310689865,\"1\":null,\"2\":null},\"eigs(MA)\":{\"0\":[0.0917,1.2808],\"1\":[0.2717,2.1227],\"2\":0.0},\"Aloc(mean)\":{\"0\":171.5282694029,\"1\":671.2572322127,\"2\":null},\"Aloc(std)\":{\"0\":57.1516639748,\"1\":248.8256080977,\"2\":null},\"Aloc(min)\":{\"0\":22.0,\"1\":157.0,\"2\":null},\"Aloc(max)\":{\"0\":361.0,\"1\":1264.0,\"2\":null},\"Aloc(sum)\":{\"0\":2490762.0,\"1\":858538.0,\"2\":null},\"Aloc(sq_sum)\":{\"0\":474666222.0,\"1\":655488082.0,\"2\":null},\"Aloc(num)\":{\"0\":14521.0,\"1\":1279.0,\"2\":null}}",
  "141047": "{\"dofs\":{\"0\":141047,\"1\":10310},\"nnz\":{\"0\":5423406,\"1\":2078249},\"nnz(%)\":{\"0\":72.3,\"1\":27.7},\"CR\":{\"0\":13.68,\"1\":null},\"Ratio[v\\/p]\":{\"0\":21.51,\"1\":16.504},\"CR(u_x)\":{\"0\":13.866,\"1\":14.087},\"CR(u_y)\":{\"0\":13.862,\"1\":14.091},\"CR(u_z)\":{\"0\":13.866,\"1\":14.026},\"CR(p)\":{\"0\":10.638,\"1\":null},\"dofs(u_x)\":{\"0\":44927,\"1\":3240},\"dofs(u_y)\":{\"0\":44927,\"1\":3241},\"dofs(u_z)\":{\"0\":44927,\"1\":3240},\"dofs(p)\":{\"0\":6266,\"1\":589},\"O(ml)\":{\"0\":1.383,\"1\":null},\"O(ml(A))\":{\"0\":1.073,\"1\":null},\"O(u_x)\":{\"0\":1.4331232994,\"1\":null},\"O(u_y)\":{\"0\":1.4332049029,\"1\":null},\"O(u_z)\":{\"0\":1.433283874,\"1\":null},\"O(p)\":{\"0\":1.3130473274,\"1\":null},\"eigs(MA)\":{\"0\":[0.1113,1.3433],\"1\":0.0},\"Aloc(mean)\":{\"0\":160.9468560485,\"1\":null},\"Aloc(std)\":{\"0\":61.2648039694,\"1\":null},\"Aloc(min)\":{\"0\":25.0,\"1\":null},\"Aloc(max)\":{\"0\":346.0,\"1\":null},\"Aloc(sum)\":{\"0\":1008493.0,\"1\":null},\"Aloc(sq_sum)\":{\"0\":185832433.0,\"1\":null},\"Aloc(num)\":{\"0\":6266.0,\"1\":null}}",