{
  "10308622": "{\"dofs\":{\"0\":10308622,\"1\":672501,\"2\":39631,\"3\":1315},\"nnz\":{\"0\":401481998,\"1\":178061118,\"2\":22598165,\"3\":234844},\"nnz(%)\":{\"0\":66.65,\"1\":29.56,\"2\":3.75,\"3\":0.04},\"CR\":{\"0\":15.33,\"1\":16.97,\"2\":30.14,\"3\":null},\"Ratio[v\\/p]\":{\"0\":23.705,\"1\":18.205,\"2\":15.951,\"3\":14.471},\"CR(u_x)\":{\"0\":15.518,\"1\":17.085,\"2\":30.406,\"3\":null},\"CR(u_y)\":{\"0\":15.518,\"1\":17.085,\"2\":30.406,\"3\":null},\"CR(u_z)\":{\"0\":15.513,\"1\":17.111,\"2\":30.148,\"3\":null},\"CR(p)\":{\"0\":11.916,\"1\":14.977,\"2\":27.506,\"3\":null},\"dofs(u_x)\":{\"0\":3297120,\"1\":212472,\"2\":12436,\"3\":409},\"dofs(u_y)\":{\"0\":3297120,\"1\":212472,\"2\":12436,\"3\":409},\"dofs(u_z)\":{\"0\":3297120,\"1\":212540,\"2\":12421,\"3\":412},\"dofs(p)\":{\"0\":417262,\"1\":35017,\"2\":2338,\"3\":85},\"O(ml)\":{\"0\":1.5,\"1\":null,\"2\":null,\"3\":null},\"O(ml(A))\":{\"0\":1.069,\"1\":null,\"2\":null,\"3\":null},\"O(u_x)\":{\"0\":1.537147896,\"1\":null,\"2\":null,\"3\":null},\"O(u_y)\":{\"0\":1.5371480142,\"1\":null,\"2\":null,\"3\":null},\"O(u_z)\":{\"0\":1.5372158636,\"1\":null,\"2\":null,\"3\":null},\"O(p)\":{\"0\":1.3997252378,\"1\":null,\"2\":null,\"3\":null},\"eigs(MA)\":{\"0\":0.0,\"1\":0.0,\"2\":0.0,\"3\":0.0},\"Aloc(mean)\":{\"0\":null,\"1\":null,\"2\":null,\"3\":null},\"Aloc(std)\":{\"0\":null,\"1\":null,\"2\":null,\"3\":null},\"Aloc(min)\":{\"0\":null,\"1\":null,\"2\":null,\"3\":null},\"Aloc(max)\":{\"0\":null,\"1\":null,\"2\":null,\"3\":null},\"Aloc(sum)\":{\"0\":null,\"1\":null,\"2\":null,\"3\":null},\"Aloc(sq_sum)\":{\"0\":null,\"1\":null,\"2\":null,\"3\":null},\"Aloc(num)\":{\"0\":null,\"1\":null,\"2\":null,\"3\":null}}",
  "4329642": "{\"dofs\":{\"0\":4329642,\"1\":279412,\"2\":17516},\"nnz\":{\"0\":161837624,\"1\":71311715,\"2\":8584763},\"nnz(%)\":{\"0\":66.95,\"1\":29.5,\"2\":3.55},\"CR\":{\"0\":15.5,\"1\":15.95,\"2\":null},\"Ratio[v\\/p]\":{\"0\":23.333,\"1\":17.338,\"2\":15.294},\"CR(u_x)\":{\"0\":15.713,\"1\":16.019,\"2\":28.487},\"CR(u_y)\":{\"0\":15.718,\"1\":16.212,\"2\":28.286},\"CR(u_z)\":{\"0\":15.717,\"1\":15.975,\"2\":27.02},\"CR(p)\":{\"0\":11.677,\"1\":14.174,\"2\":null},\"dofs(u_x)\":{\"0\":1383904,\"1\":88075,\"2\":5498},\"dofs(u_y)\":{\"0\":1383904,\"1\":88047,\"2\":5431},\"dofs(u_z)\":{\"0\":1383904,\"1\":88053,\"2\":5512},\"dofs(p)\":{\"0\":177930,\"1\":15237,\"2\":1075},\"O(ml)\":{\"0\":1.494,\"1\":null,\"2\":null},\"O(ml(A))\":{\"0\":1.069,\"1\":null,\"2\":null},\"O(u_x)\":{\"0\":1.5309164722,\"1\":null,\"2\":null},\"O(u_y)\":{\"0\":1.5295754368,\"1\":null,\"2\":null},\"O(u_z)\":{\"0\":1.5310650014,\"1\":null,\"2\":null},\"O(p)\":{\"0\":1.3900376775,\"1\":null,\"2\":null},\"eigs(MA)\":{\"0\":0.0,\"1\":0.0,\"2\":0.0},\"Aloc(mean)\":{\"0\":null,\"1\":null,\"2\":null},\"Aloc(std)\":{\"0\":null,\"1\":null,\"2\":null},\"Aloc(min)\":{\"0\":null,\"1\":null,\"2\":null},\"Aloc(max)\":{\"0\":null,\"1\":null,\"2\":null},\"Aloc(sum)\":{\"0\":null,\"1\":null,\"2\":null},\"Aloc(sq_sum)\":{\"0\":null,\"1\":null,\"2\":null},\"Aloc(num)\":{\"0\":null,\"1\":null,\"2\":null}}",
  "1783530": "{\"dofs\":{\"0\":1783530,\"1\":112810,\"2\":7374},\"nnz\":{\"0\":62926799,\"1\":27366145,\"2\":2826720},\"nnz(%)\":{\"0\":67.58,\"1\":29.39,\"2\":3.04},\"CR\":{\"0\":15.81,\"1\":15.3,\"2\":null},\"Ratio[v\\/p]\":{\"0\":22.833,\"1\":15.982,\"2\":13.689},\"CR(u_x)\":{\"0\":16.082,\"1\":15.292,\"2\":26.318},\"CR(u_y)\":{\"0\":16.119,\"1\":15.718,\"2\":23.175},\"CR(u_z)\":{\"0\":16.082,\"1\":15.345,\"2\":25.087},\"CR(p)\":{\"0\":11.265,\"1\":13.233,\"2\":null},\"dofs(u_x)\":{\"0\":569565,\"1\":35416,\"2\":2316},\"dofs(u_y)\":{\"0\":569565,\"1\":35335,\"2\":2248},\"dofs(u_z)\":{\"0\":569565,\"1\":35416,\"2\":2308},\"dofs(p)\":{\"0\":74835,\"1\":6643,\"2\":502},\"O(ml)\":{\"0\":1.48,\"1\":null,\"2\":null},\"O(ml(A))\":{\"0\":1.067,\"1\":null,\"2\":null},\"O(u_x)\":{\"0\":1.5146212728,\"1\":null,\"2\":null},\"O(u_y)\":{\"0\":1.5102740956,\"1\":null,\"2\":null},\"O(u_z)\":{\"0\":1.5143485446,\"1\":null,\"2\":null},\"O(p)\":{\"0\":1.3833871248,\"1\":null,\"2\":null},\"eigs(MA)\":{\"0\":0.0,\"1\":0.0,\"2\":0.0},\"Aloc(mean)\":{\"0\":null,\"1\":null,\"2\":null},\"Aloc(std)\":{\"0\":null,\"1\":null,\"2\":null},\"Aloc(min)\":{\"0\":null,\"1\":null,\"2\":null},\"Aloc(max)\":{\"0\":null,\"1\":null,\"2\":null},\"Aloc(sum)\":{\"0\":null,\"1\":null,\"2\":null},\"Aloc(sq_sum)\":{\"0\":null,\"1\":null,\"2\":null},\"Aloc(num)\":{\"0\":null,\"1\":null,\"2\":null}}",
  "709961": "{\"dofs\":{\"0\":709961,\"1\":43469,\"2\":3065},\"nnz\":{\"0\":23061073,\"1\":9751175,\"2\":797620},\"nnz(%)\":{\"0\":68.61,\"1\":29.01,\"2\":2.37},\"CR\":{\"0\":16.33,\"1\":14.18,\"2\":null},\"Ratio[v\\/p]\":{\"0\":22.168,\"1\":14.48,\"2\":12.622},\"CR(u_x)\":{\"0\":16.718,\"1\":14.288,\"2\":null},\"CR(u_y)\":{\"0\":16.715,\"1\":14.351,\"2\":null},\"CR(u_z)\":{\"0\":16.688,\"1\":14.313,\"2\":null},\"CR(p)\":{\"0\":10.913,\"1\":12.48,\"2\":null},\"dofs(u_x)\":{\"0\":226439,\"1\":13545,\"2\":948},\"dofs(u_y)\":{\"0\":226439,\"1\":13547,\"2\":944},\"dofs(u_z)\":{\"0\":226439,\"1\":13569,\"2\":948},\"dofs(p)\":{\"0\":30644,\"1\":2808,\"2\":225},\"O(ml)\":{\"0\":1.457,\"1\":null,\"2\":null},\"O(ml(A))\":{\"0\":1.066,\"1\":null,\"2\":null},\"O(u_x)\":{\"0\":1.4861140561,\"1\":null,\"2\":null},\"O(u_y)\":{\"0\":1.4857673146,\"1\":null,\"2\":null},\"O(u_z)\":{\"0\":1.4878053137,\"1\":null,\"2\":null},\"O(p)\":{\"0\":1.3664958293,\"1\":null,\"2\":null},\"eigs(MA)\":{\"0\":0.0,\"1\":0.0,\"2\":0.0},\"Aloc(mean)\":{\"0\":null,\"1\":null,\"2\":null},\"Aloc(std)\":{\"0\":null,\"1\":null,\"2\":null},\"Aloc(min)\":{\"0\":null,\"1\":null,\"2\":null},\"Aloc(max)\":{\"0\":null,\"1\":null,\"2\":null},\"Aloc(sum)\":{\"0\":null,\"1\":null,\"2\":null},\"Aloc(sq_sum)\":{\"0\":null,\"1\":null,\"2\":null},\"Aloc(num)\":{\"0\":null,\"1\":null,\"2\":null}}",
  "276801": "{\"dofs\":{\"0\":276801,\"1\":16293,\"2\":1285},\"nnz\":{\"0\":7942875,\"1\":3251747,\"2\":207966},\"nnz(%)\":{\"0\":69.66,\"1\":28.52,\"2\":1.82},\"CR\":{\"0\":16.99,\"1\":12.68,\"2\":null},\"Ratio[v\\/p]\":{\"0\":21.276,\"1\":12.532,\"2\":10.174},\"CR(u_x)\":{\"0\":17.555,\"1\":12.938,\"2\":null},\"CR(u_y)\":{\"0\":17.44,\"1\":12.696,\"2\":null},\"CR(u_z)\":{\"0\":17.569,\"1\":13.062,\"2\":null},\"CR(p)\":{\"0\":10.321,\"1\":10.47,\"2\":null},\"dofs(u_x)\":{\"0\":88125,\"1\":5020,\"2\":388},\"dofs(u_y)\":{\"0\":88125,\"1\":5053,\"2\":398},\"dofs(u_z)\":{\"0\":88125,\"1\":5016,\"2\":384},\"dofs(p)\":{\"0\":12426,\"1\":1204,\"2\":115},\"O(ml)\":{\"0\":1.436,\"1\":null,\"2\":null},\"O(ml(A))\":{\"0\":1.064,\"1\":null,\"2\":null},\"O(u_x)\":{\"0\":1.4538802772,\"1\":null,\"2\":null},\"O(u_y)\":{\"0\":1.4613831733,\"1\":null,\"2\":null},\"O(u_z)\":{\"0\":1.4562455024,\"1\":null,\"2\":null},\"O(p)\":{\"0\":1.3593429534,\"1\":null,\"2\":null},\"eigs(MA)\":{\"0\":0.0,\"1\":0.0,\"2\":0.0},\"Aloc(mean)\":{\"0\":null,\"1\":null,\"2\":null},\"Aloc(std)\":{\"0\":null,\"1\":null,\"2\":null},\"Aloc(min)\":{\"0\":null,\"1\":null,\"2\":null},\"Aloc(max)\":{\"0\":null,\"1\":null,\"2\":null},\"Aloc(sum)\":{\"0\":null,\"1\":null,\"2\":null},\"Aloc(sq_sum)\":{\"0\":null,\"1\":null,\"2\":null},\"Aloc(num)\":{\"0\":null,\"1\":null,\"2\":null}}",