{
  "9337544": "{\"dofs\":{\"0\":6008533,\"1\":1070143,\"2\":140841,\"3\":14072,\"4\":1427},\"nnz\":{\"0\":87637006,\"1\":52573850,\"2\":11897452,\"3\":1444433,\"4\":171525},\"nnz(%)\":{\"0\":57.01,\"1\":34.2,\"2\":7.74,\"3\":0.94,\"4\":0.11},\"CR\":{\"0\":5.61,\"1\":7.6,\"2\":10.01,\"3\":9.86,\"4\":null},\"Ratio[v\\/p]\":{\"0\":7.986,\"1\":9.03,\"2\":8.883,\"3\":8.12,\"4\":7.297},\"CR(u_x)\":{\"0\":5.542,\"1\":7.613,\"2\":10.101,\"3\":10.056,\"4\":8.197},\"CR(u_y)\":{\"0\":5.542,\"1\":7.609,\"2\":10.107,\"3\":9.911,\"4\":8.208},\"CR(p)\":{\"0\":6.267,\"1\":7.487,\"2\":9.236,\"3\":8.971,\"4\":null},\"dofs(u_x)\":{\"0\":2669926,\"1\":481725,\"2\":63280,\"3\":6265,\"4\":623},\"dofs(u_y)\":{\"0\":2669926,\"1\":481725,\"2\":63310,\"3\":6264,\"4\":632},\"dofs(p)\":{\"0\":668681,\"1\":106693,\"2\":14251,\"3\":1543,\"4\":172},\"O(ml)\":{\"0\":1.754,\"1\":null,\"2\":null,\"3\":null,\"4\":null},\"O(ml(A))\":{\"0\":1.204,\"1\":null,\"2\":null,\"3\":null,\"4\":null},\"O(u_x)\":{\"0\":1.8219980988,\"1\":null,\"2\":null,\"3\":null,\"4\":null},\"O(u_y)\":{\"0\":1.8221688179,\"1\":null,\"2\":null,\"3\":null,\"4\":null},\"O(p)\":{\"0\":1.6941709049,\"1\":null,\"2\":null,\"3\":null,\"4\":null},\"eigs(MA)\":{\"0\":[-0.081,1.8992],\"1\":[-0.1665,2.1223],\"2\":[-0.1866,2.1275],\"3\":[-0.9202,3.1676],\"4\":[0.0]},\"Aloc(mean)\":{\"0\":38.7347733822,\"1\":135.0994441997,\"2\":214.4080415409,\"3\":243.1924821776,\"4\":14.9506965519},\"Aloc(std)\":{\"0\":25.4474460399,\"1\":25.3252311608,\"2\":36.5741741576,\"3\":70.0103123262,\"4\":0.4250409549},\"Aloc(min)\":{\"0\":12,\"1\":27,\"2\":63,\"3\":77,\"4\":8},\"Aloc(max)\":{\"0\":99,\"1\":195,\"2\":308,\"3\":372,\"4\":15},\"Aloc(sum)\":{\"0\":25901207,\"1\":14414165,\"2\":3055529,\"3\":375246,\"4\":19922760},\"Aloc(sq_sum)\":{\"0\":1436296817,\"1\":2015775085,\"2\":674193127,\"3\":98819934,\"4\":298099880},\"Aloc(num)\":{\"0\":668681,\"1\":106693,\"2\":14251,\"3\":1543,\"4\":1332564}}",
  "4554518": "{\"dofs\":{\"0\":2931829,\"1\":524186,\"2\":68388,\"3\":7029,\"4\":702},\"nnz\":{\"0\":42671401,\"1\":25715396,\"2\":5699098,\"3\":710530,\"4\":86284},\"nnz(%)\":{\"0\":56.98,\"1\":34.34,\"2\":7.61,\"3\":0.95,\"4\":0.12},\"CR\":{\"0\":5.59,\"1\":7.66,\"2\":9.73,\"3\":10.01,\"4\":null},\"Ratio[v\\/p]\":{\"0\":7.98,\"1\":9.056,\"2\":8.778,\"3\":8.07,\"4\":6.977},\"CR(u_x)\":{\"0\":5.519,\"1\":7.691,\"2\":9.808,\"3\":10.293,\"4\":null},\"CR(u_y)\":{\"0\":5.519,\"1\":7.687,\"2\":9.826,\"3\":10.081,\"4\":null},\"CR(p)\":{\"0\":6.263,\"1\":7.453,\"2\":9.025,\"3\":8.807,\"4\":null},\"dofs(u_x)\":{\"0\":1302676,\"1\":236030,\"2\":30688,\"3\":3129,\"4\":304},\"dofs(u_y)\":{\"0\":1302676,\"1\":236030,\"2\":30706,\"3\":3125,\"4\":310},\"dofs(p)\":{\"0\":326477,\"1\":52126,\"2\":6994,\"3\":775,\"4\":88},\"O(ml)\":{\"0\":1.755,\"1\":null,\"2\":null,\"3\":null,\"4\":null},\"O(ml(A))\":{\"0\":1.205,\"1\":null,\"2\":null,\"3\":null,\"4\":null},\"O(u_x)\":{\"0\":1.8223592794,\"1\":null,\"2\":null,\"3\":null,\"4\":null},\"O(u_y)\":{\"0\":1.8224229321,\"1\":null,\"2\":null,\"3\":null,\"4\":null},\"O(p)\":{\"0\":1.6900426746,\"1\":null,\"2\":null,\"3\":null,\"4\":null},\"eigs(MA)\":{\"0\":[{\"imag\":-0.191,\"real\":0.9061},{\"imag\":0.191,\"real\":0.9061}],\"1\":[-0.1204,2.0795],\"2\":[-0.419,2.3846],\"3\":[-0.7812,3.1954],\"4\":[0.0]},\"Aloc(mean)\":{\"0\":38.6339987197,\"1\":135.2048114185,\"2\":209.7170431799,\"3\":238.3277419355,\"4\":14.9318893311},\"Aloc(std)\":{\"0\":25.4227271914,\"1\":26.6684031435,\"2\":40.9259726123,\"3\":78.4768776593,\"4\":0.4983232396},\"Aloc(min)\":{\"0\":13,\"1\":35,\"2\":55,\"3\":88,\"4\":8},\"Aloc(max)\":{\"0\":99,\"1\":199,\"2\":289,\"3\":450,\"4\":15},\"Aloc(sum)\":{\"0\":12613112,\"1\":7047686,\"2\":1466761,\"3\":184704,\"4\":9701577},\"Aloc(sq_sum)\":{\"0\":698301954,\"1\":989953262,\"2\":319319277,\"3\":48793018,\"4\":145024217},\"Aloc(num)\":{\"0\":326477,\"1\":52126,\"2\":6994,\"3\":775,\"4\":649722}}",
  "2049880": "{\"dofs\":{\"0\":1320398,\"1\":237086,\"2\":30627,\"3\":3202},\"nnz\":{\"0\":19147102,\"1\":11591396,\"2\":2509793,\"3\":315475},\"nnz(%)\":{\"0\":57.05,\"1\":34.54,\"2\":7.48,\"3\":0.94},\"CR\":{\"0\":5.57,\"1\":7.74,\"2\":9.56,\"3\":null},\"Ratio[v\\/p]\":{\"0\":7.971,\"1\":9.045,\"2\":8.535,\"3\":7.919},\"CR(u_x)\":{\"0\":5.496,\"1\":7.79,\"2\":9.664,\"3\":9.986},\"CR(u_y)\":{\"0\":5.496,\"1\":7.785,\"2\":9.622,\"3\":10.106},\"CR(p)\":{\"0\":6.236,\"1\":7.348,\"2\":8.947,\"3\":null},\"dofs(u_x)\":{\"0\":586604,\"1\":106742,\"2\":13703,\"3\":1418},\"dofs(u_y)\":{\"0\":586604,\"1\":106742,\"2\":13712,\"3\":1425},\"dofs(p)\":{\"0\":147190,\"1\":23602,\"2\":3212,\"3\":359},\"O(ml)\":{\"0\":1.753,\"1\":null,\"2\":null,\"3\":null},\"O(ml(A))\":{\"0\":1.205,\"1\":null,\"2\":null,\"3\":null},\"O(u_x)\":{\"0\":1.8213115885,\"1\":null,\"2\":null,\"3\":null},\"O(u_y)\":{\"0\":1.8216946113,\"1\":null,\"2\":null,\"3\":null},\"O(p)\":{\"0\":1.6854080533,\"1\":null,\"2\":null,\"3\":null},\"eigs(MA)\":{\"0\":[0.4709,1.3201],\"1\":[-0.065,2.0396],\"2\":[-0.4915,2.5336],\"3\":[0.0]},\"Aloc(mean)\":{\"0\":38.4602894218,\"1\":134.6379967799,\"2\":202.151618929,\"3\":14.8991047963},\"Aloc(std)\":{\"0\":25.3723356046,\"1\":28.9255221836,\"2\":47.5141755134,\"3\":0.6042073685},\"Aloc(min)\":{\"0\":12,\"1\":27,\"2\":63,\"3\":8},\"Aloc(max)\":{\"0\":99,\"1\":197,\"2\":307,\"3\":15},\"Aloc(sum)\":{\"0\":5660970,\"1\":3177726,\"2\":649311,\"3\":4353876},\"Aloc(sq_sum)\":{\"0\":312476904,\"1\":447590122,\"2\":138510671,\"3\":64975536},\"Aloc(num)\":{\"0\":147190,\"1\":23602,\"2\":3212,\"3\":292224}}",
  "915167": "{\"dofs\":{\"0\":590035,\"1\":105716,\"2\":13693,\"3\":1448},\"nnz\":{\"0\":8511197,\"1\":5123052,\"2\":1096934,\"3\":143648},\"nnz(%)\":{\"0\":57.22,\"1\":34.44,\"2\":7.37,\"3\":0.97},\"CR\":{\"0\":5.58,\"1\":7.72,\"2\":9.46,\"3\":null},\"Ratio[v\\/p]\":{\"0\":7.957,\"1\":8.951,\"2\":8.424,\"3\":7.518},\"CR(u_x)\":{\"0\":5.512,\"1\":7.768,\"2\":9.594,\"3\":null},\"CR(u_y)\":{\"0\":5.512,\"1\":7.77,\"2\":9.561,\"3\":null},\"CR(p)\":{\"0\":6.2,\"1\":7.312,\"2\":8.547,\"3\":null},\"dofs(u_x)\":{\"0\":262081,\"1\":47546,\"2\":6121,\"3\":638},\"dofs(u_y)\":{\"0\":262081,\"1\":47546,\"2\":6119,\"3\":640},\"dofs(p)\":{\"0\":65873,\"1\":10624,\"2\":1453,\"3\":170},\"O(ml)\":{\"0\":1.748,\"1\":null,\"2\":null,\"3\":null},\"O(ml(A))\":{\"0\":1.205,\"1\":null,\"2\":null,\"3\":null},\"O(u_x)\":{\"0\":1.811535492,\"1\":null,\"2\":null,\"3\":null},\"O(u_y)\":{\"0\":1.8116408005,\"1\":null,\"2\":null,\"3\":null},\"O(p)\":{\"0\":1.6817903114,\"1\":null,\"2\":null,\"3\":null},\"eigs(MA)\":{\"0\":[-0.005,1.7753],\"1\":[-0.3517,2.2956],\"2\":[-0.6573,2.8163],\"3\":[0.0]},\"Aloc(mean)\":{\"0\":38.2137294491,\"1\":132.4898343373,\"2\":194.9821059876,\"3\":14.8521655733},\"Aloc(std)\":{\"0\":25.2942310661,\"1\":31.730787788,\"2\":56.4315635003,\"3\":0.7271672518},\"Aloc(min)\":{\"0\":12,\"1\":39,\"2\":65,\"3\":8},\"Aloc(max)\":{\"0\":99,\"1\":199,\"2\":303,\"3\":15},\"Aloc(sum)\":{\"0\":2517253,\"1\":1407572,\"2\":283309,\"3\":1935757},\"Aloc(sq_sum)\":{\"0\":138339047,\"1\":197185680,\"2\":59867295,\"3\":28819101},\"Aloc(num)\":{\"0\":65873,\"1\":10624,\"2\":1453,\"3\":130335}}",