{
  "3223554": "{\"dofs\":{\"0\":3223554,\"1\":170116,\"2\":9064},\"nnz\":{\"0\":128298277,\"1\":39400450,\"2\":3841524},\"nnz(%)\":{\"0\":74.79,\"1\":22.97,\"2\":2.24},\"CR\":{\"0\":18.95,\"1\":18.77,\"2\":null},\"Ratio[v\\/p]\":{\"0\":23.301,\"1\":9.702,\"2\":14.574},\"CR(u_x)\":{\"0\":20.042,\"1\":18.301,\"2\":31.562},\"CR(u_y)\":{\"0\":20.042,\"1\":18.127,\"2\":31.865},\"CR(u_z)\":{\"0\":20.042,\"1\":18.12,\"2\":30.181},\"CR(p)\":{\"0\":8.345,\"1\":27.311,\"2\":null},\"dofs(u_x)\":{\"0\":1030301,\"1\":51407,\"2\":2809},\"dofs(u_y)\":{\"0\":1030301,\"1\":51407,\"2\":2836},\"dofs(u_z)\":{\"0\":1030301,\"1\":51407,\"2\":2837},\"dofs(p)\":{\"0\":132651,\"1\":15895,\"2\":582},\"O(ml)\":{\"0\":1.337,\"1\":null,\"2\":null},\"O(ml(A))\":{\"0\":1.056,\"1\":null,\"2\":null},\"O(u_x)\":{\"0\":1.3091868861,\"1\":null,\"2\":null},\"O(u_y)\":{\"0\":1.3097690368,\"1\":null,\"2\":null},\"O(u_z)\":{\"0\":1.3098163817,\"1\":null,\"2\":null},\"O(p)\":{\"0\":1.6346430789,\"1\":null,\"2\":null},\"eigs(MA)\":{\"0\":0.0,\"1\":0.0,\"2\":0.0},\"Aloc(mean)\":{\"0\":null,\"1\":null,\"2\":null},\"Aloc(std)\":{\"0\":null,\"1\":null,\"2\":null},\"Aloc(min)\":{\"0\":null,\"1\":null,\"2\":null},\"Aloc(max)\":{\"0\":null,\"1\":null,\"2\":null},\"Aloc(sum)\":{\"0\":null,\"1\":null,\"2\":null},\"Aloc(sq_sum)\":{\"0\":null,\"1\":null,\"2\":null},\"Aloc(num)\":{\"0\":null,\"1\":null,\"2\":null}}",
  "2206032": "{\"dofs\":{\"0\":2206032,\"1\":115873,\"2\":6278},\"nnz\":{\"0\":86838857,\"1\":26415331,\"2\":2505514},\"nnz(%)\":{\"0\":75.02,\"1\":22.82,\"2\":2.16},\"CR\":{\"0\":19.04,\"1\":18.46,\"2\":null},\"Ratio[v\\/p]\":{\"0\":23.209,\"1\":9.601,\"2\":14.275},\"CR(u_x)\":{\"0\":20.153,\"1\":17.875,\"2\":null},\"CR(u_y)\":{\"0\":20.153,\"1\":17.893,\"2\":null},\"CR(u_z)\":{\"0\":20.153,\"1\":17.893,\"2\":null},\"CR(p)\":{\"0\":8.337,\"1\":26.594,\"2\":null},\"dofs(u_x)\":{\"0\":704969,\"1\":34981,\"2\":1957},\"dofs(u_y)\":{\"0\":704969,\"1\":34981,\"2\":1955},\"dofs(u_z)\":{\"0\":704969,\"1\":34981,\"2\":1955},\"dofs(p)\":{\"0\":91125,\"1\":10930,\"2\":411},\"O(ml)\":{\"0\":1.333,\"1\":null,\"2\":null},\"O(ml(A))\":{\"0\":1.055,\"1\":null,\"2\":null},\"O(u_x)\":{\"0\":1.3051225515,\"1\":null,\"2\":null},\"O(u_y)\":{\"0\":1.305087753,\"1\":null,\"2\":null},\"O(u_z)\":{\"0\":1.3050658812,\"1\":null,\"2\":null},\"O(p)\":{\"0\":1.6251340333,\"1\":null,\"2\":null},\"eigs(MA)\":{\"0\":0.0,\"1\":0.0,\"2\":0.0},\"Aloc(mean)\":{\"0\":null,\"1\":null,\"2\":null},\"Aloc(std)\":{\"0\":null,\"1\":null,\"2\":null},\"Aloc(min)\":{\"0\":null,\"1\":null,\"2\":null},\"Aloc(max)\":{\"0\":null,\"1\":null,\"2\":null},\"Aloc(sum)\":{\"0\":null,\"1\":null,\"2\":null},\"Aloc(sq_sum)\":{\"0\":null,\"1\":null,\"2\":null},\"Aloc(num)\":{\"0\":null,\"1\":null,\"2\":null}}",
  "1663244": "{\"dofs\":{\"0\":1663244,\"1\":87367,\"2\":4655},\"nnz\":{\"0\":64838419,\"1\":19692211,\"2\":1745898},\"nnz(%)\":{\"0\":75.15,\"1\":22.82,\"2\":2.02},\"CR\":{\"0\":19.04,\"1\":18.77,\"2\":null},\"Ratio[v\\/p]\":{\"0\":23.133,\"1\":9.392,\"2\":13.778},\"CR(u_x)\":{\"0\":20.192,\"1\":18.152,\"2\":null},\"CR(u_y)\":{\"0\":20.192,\"1\":18.215,\"2\":null},\"CR(u_z)\":{\"0\":20.192,\"1\":18.215,\"2\":null},\"CR(p)\":{\"0\":8.198,\"1\":26.689,\"2\":null},\"dofs(u_x)\":{\"0\":531441,\"1\":26320,\"2\":1450},\"dofs(u_y)\":{\"0\":531441,\"1\":26320,\"2\":1445},\"dofs(u_z)\":{\"0\":531441,\"1\":26320,\"2\":1445},\"dofs(p)\":{\"0\":68921,\"1\":8407,\"2\":315},\"O(ml)\":{\"0\":1.331,\"1\":null,\"2\":null},\"O(ml(A))\":{\"0\":1.055,\"1\":null,\"2\":null},\"O(u_x)\":{\"0\":1.3014384363,\"1\":null,\"2\":null},\"O(u_y)\":{\"0\":1.3013517831,\"1\":null,\"2\":null},\"O(u_z)\":{\"0\":1.3013541231,\"1\":null,\"2\":null},\"O(p)\":{\"0\":1.6281051154,\"1\":null,\"2\":null},\"eigs(MA)\":{\"0\":0.0,\"1\":0.0,\"2\":0.0},\"Aloc(mean)\":{\"0\":null,\"1\":null,\"2\":null},\"Aloc(std)\":{\"0\":null,\"1\":null,\"2\":null},\"Aloc(min)\":{\"0\":null,\"1\":null,\"2\":null},\"Aloc(max)\":{\"0\":null,\"1\":null,\"2\":null},\"Aloc(sum)\":{\"0\":null,\"1\":null,\"2\":null},\"Aloc(sq_sum)\":{\"0\":null,\"1\":null,\"2\":null},\"Aloc(num)\":{\"0\":null,\"1\":null,\"2\":null}}",
  "1217704": "{\"dofs\":{\"0\":1217704,\"1\":63560,\"2\":3478},\"nnz\":{\"0\":46977121,\"1\":14097433,\"2\":1230499},\"nnz(%)\":{\"0\":75.4,\"1\":22.63,\"2\":1.97},\"CR\":{\"0\":19.16,\"1\":18.27,\"2\":null},\"Ratio[v\\/p]\":{\"0\":23.04,\"1\":9.377,\"2\":13.552},\"CR(u_x)\":{\"0\":20.32,\"1\":17.645,\"2\":null},\"CR(u_y)\":{\"0\":20.32,\"1\":17.776,\"2\":null},\"CR(u_z)\":{\"0\":20.32,\"1\":17.776,\"2\":null},\"CR(p)\":{\"0\":8.27,\"1\":25.628,\"2\":null},\"dofs(u_x)\":{\"0\":389017,\"1\":19145,\"2\":1085},\"dofs(u_y)\":{\"0\":389017,\"1\":19145,\"2\":1077},\"dofs(u_z)\":{\"0\":389017,\"1\":19145,\"2\":1077},\"dofs(p)\":{\"0\":50653,\"1\":6125,\"2\":239},\"O(ml)\":{\"0\":1.326,\"1\":null,\"2\":null},\"O(ml(A))\":{\"0\":1.055,\"1\":null,\"2\":null},\"O(u_x)\":{\"0\":1.2975798301,\"1\":null,\"2\":null},\"O(u_y)\":{\"0\":1.2971654053,\"1\":null,\"2\":null},\"O(u_z)\":{\"0\":1.2971643945,\"1\":null,\"2\":null},\"O(p)\":{\"0\":1.6142387143,\"1\":null,\"2\":null},\"eigs(MA)\":{\"0\":0.0,\"1\":0.0,\"2\":0.0},\"Aloc(mean)\":{\"0\":null,\"1\":null,\"2\":null},\"Aloc(std)\":{\"0\":null,\"1\":null,\"2\":null},\"Aloc(min)\":{\"0\":null,\"1\":null,\"2\":null},\"Aloc(max)\":{\"0\":null,\"1\":null,\"2\":null},\"Aloc(sum)\":{\"0\":null,\"1\":null,\"2\":null},\"Aloc(sq_sum)\":{\"0\":null,\"1\":null,\"2\":null},\"Aloc(num)\":{\"0\":null,\"1\":null,\"2\":null}}",
  "859812": "{\"dofs\":{\"0\":859812,\"1\":44531,\"2\":2510},\"nnz\":{\"0\":32611445,\"1\":9280661,\"2\":795133},\"nnz(%)\":{\"0\":76.4,\"1\":21.74,\"2\":1.86},\"CR\":{\"0\":19.31,\"1\":17.74,\"2\":null},\"Ratio[v\\/p]\":{\"0\":22.926,\"1\":9.261,\"2\":13.678},\"CR(u_x)\":{\"0\":20.499,\"1\":17.286,\"2\":null},\"CR(u_y)\":{\"0\":20.499,\"1\":17.22,\"2\":null},\"CR(u_z)\":{\"0\":20.499,\"1\":17.045,\"2\":null},\"CR(p)\":{\"0\":8.28,\"1\":25.38,\"2\":null},\"dofs(u_x)\":{\"0\":274625,\"1\":13397,\"2\":775},\"dofs(u_y)\":{\"0\":274625,\"1\":13397,\"2\":778},\"dofs(u_z)\":{\"0\":274625,\"1\":13397,\"2\":786},\"dofs(p)\":{\"0\":35937,\"1\":4340,\"2\":171},\"O(ml)\":{\"0\":1.309,\"1\":null,\"2\":null},\"O(ml(A))\":{\"0\":1.055,\"1\":null,\"2\":null},\"O(u_x)\":{\"0\":1.2933567943,\"1\":null,\"2\":null},\"O(u_y)\":{\"0\":1.2935427547,\"1\":null,\"2\":null},\"O(u_z)\":{\"0\":1.2939684716,\"1\":null,\"2\":null},\"O(p)\":{\"0\":1.5433363942,\"1\":null,\"2\":null},\"eigs(MA)\":{\"0\":0.0,\"1\":0.0,\"2\":0.0},\"Aloc(mean)\":{\"0\":null,\"1\":null,\"2\":null},\"Aloc(std)\":{\"0\":null,\"1\":null,\"2\":null},\"Aloc(min)\":{\"0\":null,\"1\":null,\"2\":null},\"Aloc(max)\":{\"0\":null,\"1\":null,\"2\":null},\"Aloc(sum)\":{\"0\":null,\"1\":null,\"2\":null},\"Aloc(sq_sum)\":{\"0\":null,\"1\":null,\"2\":null},\"Aloc(num)\":{\"0\":null,\"1\":null,\"2\":null}}",