{
  "4951877": "{\"dofs\":{\"0\":4951877,\"1\":645431,\"2\":73563,\"3\":8084,\"4\":889},\"nnz\":{\"0\":91955846,\"1\":26055854,\"2\":4736141,\"3\":683691,\"4\":75351},\"nnz(%)\":{\"0\":74.45,\"1\":21.1,\"2\":3.83,\"3\":0.55,\"4\":0.06},\"CR\":{\"0\":7.67,\"1\":8.77,\"2\":9.1,\"3\":9.09,\"4\":null},\"Ratio[v\\/p]\":{\"0\":7.986,\"1\":7.976,\"2\":8.17,\"3\":8.303,\"4\":8.457},\"CR(u_x)\":{\"0\":7.673,\"1\":8.753,\"2\":9.07,\"3\":9.098,\"4\":null},\"CR(u_y)\":{\"0\":7.673,\"1\":8.748,\"2\":9.098,\"3\":9.053,\"4\":null},\"CR(p)\":{\"0\":7.664,\"1\":8.963,\"2\":9.231,\"3\":9.245,\"4\":null},\"dofs(u_x)\":{\"0\":2200404,\"1\":286764,\"2\":32760,\"3\":3612,\"4\":397},\"dofs(u_y)\":{\"0\":2200404,\"1\":286764,\"2\":32781,\"3\":3603,\"4\":398},\"dofs(p)\":{\"0\":551069,\"1\":71903,\"2\":8022,\"3\":869,\"4\":94},\"O(ml)\":{\"0\":1.343,\"1\":null,\"2\":null,\"3\":null,\"4\":null},\"O(ml(A))\":{\"0\":1.147,\"1\":null,\"2\":null,\"3\":null,\"4\":null},\"O(u_x)\":{\"0\":1.362292784,\"1\":null,\"2\":null,\"3\":null,\"4\":null},\"O(u_y)\":{\"0\":1.36230878,\"1\":null,\"2\":null,\"3\":null,\"4\":null},\"O(p)\":{\"0\":1.2992898999,\"1\":null,\"2\":null,\"3\":null,\"4\":null},\"eigs(MA)\":{\"0\":0.0,\"1\":0.0,\"2\":0.0,\"3\":0.0,\"4\":0.0},\"Aloc(mean)\":{\"0\":null,\"1\":null,\"2\":null,\"3\":null,\"4\":null},\"Aloc(std)\":{\"0\":null,\"1\":null,\"2\":null,\"3\":null,\"4\":null},\"Aloc(min)\":{\"0\":null,\"1\":null,\"2\":null,\"3\":null,\"4\":null},\"Aloc(max)\":{\"0\":null,\"1\":null,\"2\":null,\"3\":null,\"4\":null},\"Aloc(sum)\":{\"0\":null,\"1\":null,\"2\":null,\"3\":null,\"4\":null},\"Aloc(sq_sum)\":{\"0\":null,\"1\":null,\"2\":null,\"3\":null,\"4\":null},\"Aloc(num)\":{\"0\":null,\"1\":null,\"2\":null,\"3\":null,\"4\":null}}",
  "2248204": "{\"dofs\":{\"0\":2248204,\"1\":288345,\"2\":32856,\"3\":3644},\"nnz\":{\"0\":41663080,\"1\":11522734,\"2\":2063162,\"3\":291551},\"nnz(%)\":{\"0\":75.01,\"1\":20.75,\"2\":3.71,\"3\":0.52},\"CR\":{\"0\":7.8,\"1\":8.78,\"2\":9.02,\"3\":null},\"Ratio[v\\/p]\":{\"0\":7.979,\"1\":8.038,\"2\":8.188,\"3\":8.179},\"CR(u_x)\":{\"0\":7.791,\"1\":8.758,\"2\":9.031,\"3\":9.21},\"CR(u_y)\":{\"0\":7.791,\"1\":8.758,\"2\":9.004,\"3\":9.135},\"CR(p)\":{\"0\":7.848,\"1\":8.922,\"2\":9.008,\"3\":null},\"dofs(u_x)\":{\"0\":998912,\"1\":128220,\"2\":14640,\"3\":1621},\"dofs(u_y)\":{\"0\":998912,\"1\":128220,\"2\":14640,\"3\":1626},\"dofs(p)\":{\"0\":250380,\"1\":31905,\"2\":3576,\"3\":397},\"O(ml)\":{\"0\":1.333,\"1\":null,\"2\":null,\"3\":null},\"O(ml(A))\":{\"0\":1.144,\"1\":null,\"2\":null,\"3\":null},\"O(u_x)\":{\"0\":1.3523354956,\"1\":null,\"2\":null,\"3\":null},\"O(u_y)\":{\"0\":1.3523795688,\"1\":null,\"2\":null,\"3\":null},\"O(p)\":{\"0\":1.2896058472,\"1\":null,\"2\":null,\"3\":null},\"eigs(MA)\":{\"0\":0.0,\"1\":0.0,\"2\":0.0,\"3\":0.0},\"Aloc(mean)\":{\"0\":null,\"1\":null,\"2\":null,\"3\":null},\"Aloc(std)\":{\"0\":null,\"1\":null,\"2\":null,\"3\":null},\"Aloc(min)\":{\"0\":null,\"1\":null,\"2\":null,\"3\":null},\"Aloc(max)\":{\"0\":null,\"1\":null,\"2\":null,\"3\":null},\"Aloc(sum)\":{\"0\":null,\"1\":null,\"2\":null,\"3\":null},\"Aloc(sq_sum)\":{\"0\":null,\"1\":null,\"2\":null,\"3\":null},\"Aloc(num)\":{\"0\":null,\"1\":null,\"2\":null,\"3\":null}}",
  "1021759": "{\"dofs\":{\"0\":1021759,\"1\":131138,\"2\":14996,\"3\":1675},\"nnz\":{\"0\":18881620,\"1\":5218312,\"2\":923197,\"3\":124102},\"nnz(%)\":{\"0\":75.08,\"1\":20.75,\"2\":3.67,\"3\":0.49},\"CR\":{\"0\":7.79,\"1\":8.74,\"2\":8.95,\"3\":null},\"Ratio[v\\/p]\":{\"0\":7.969,\"1\":8.095,\"2\":8.274,\"3\":8.358},\"CR(u_x)\":{\"0\":7.778,\"1\":8.723,\"2\":8.944,\"3\":8.8},\"CR(u_y)\":{\"0\":7.778,\"1\":8.725,\"2\":8.943,\"3\":8.5},\"CR(p)\":{\"0\":7.901,\"1\":8.917,\"2\":9.034,\"3\":null},\"dofs(u_x)\":{\"0\":453920,\"1\":58360,\"2\":6690,\"3\":748},\"dofs(u_y)\":{\"0\":453920,\"1\":58360,\"2\":6689,\"3\":748},\"dofs(p)\":{\"0\":113919,\"1\":14418,\"2\":1617,\"3\":179},\"O(ml)\":{\"0\":1.332,\"1\":null,\"2\":null,\"3\":null},\"O(ml(A))\":{\"0\":1.145,\"1\":null,\"2\":null,\"3\":null},\"O(u_x)\":{\"0\":1.3523276043,\"1\":null,\"2\":null,\"3\":null},\"O(u_y)\":{\"0\":1.3523419182,\"1\":null,\"2\":null,\"3\":null},\"O(p)\":{\"0\":1.2828089948,\"1\":null,\"2\":null,\"3\":null},\"eigs(MA)\":{\"0\":0.0,\"1\":0.0,\"2\":0.0,\"3\":0.0},\"Aloc(mean)\":{\"0\":null,\"1\":null,\"2\":null,\"3\":null},\"Aloc(std)\":{\"0\":null,\"1\":null,\"2\":null,\"3\":null},\"Aloc(min)\":{\"0\":null,\"1\":null,\"2\":null,\"3\":null},\"Aloc(max)\":{\"0\":null,\"1\":null,\"2\":null,\"3\":null},\"Aloc(sum)\":{\"0\":null,\"1\":null,\"2\":null,\"3\":null},\"Aloc(sq_sum)\":{\"0\":null,\"1\":null,\"2\":null,\"3\":null},\"Aloc(num)\":{\"0\":null,\"1\":null,\"2\":null,\"3\":null}}",
  "466334": "{\"dofs\":{\"0\":466334,\"1\":59886,\"2\":6872,\"3\":774},\"nnz\":{\"0\":8574344,\"1\":2365226,\"2\":410698,\"3\":51311},\"nnz(%)\":{\"0\":75.2,\"1\":20.74,\"2\":3.6,\"3\":0.45},\"CR\":{\"0\":7.79,\"1\":8.71,\"2\":8.88,\"3\":null},\"Ratio[v\\/p]\":{\"0\":7.955,\"1\":8.035,\"2\":8.138,\"3\":8.106},\"CR(u_x)\":{\"0\":7.778,\"1\":8.702,\"2\":8.87,\"3\":null},\"CR(u_y)\":{\"0\":7.778,\"1\":8.702,\"2\":8.895,\"3\":null},\"CR(p)\":{\"0\":7.857,\"1\":8.814,\"2\":8.847,\"3\":null},\"dofs(u_x)\":{\"0\":207128,\"1\":26629,\"2\":3060,\"3\":345},\"dofs(u_y)\":{\"0\":207128,\"1\":26629,\"2\":3060,\"3\":344},\"dofs(p)\":{\"0\":52078,\"1\":6628,\"2\":752,\"3\":85},\"O(ml)\":{\"0\":1.33,\"1\":null,\"2\":null,\"3\":null},\"O(ml(A))\":{\"0\":1.145,\"1\":null,\"2\":null,\"3\":null},\"O(u_x)\":{\"0\":1.3496488844,\"1\":null,\"2\":null,\"3\":null},\"O(u_y)\":{\"0\":1.3496229058,\"1\":null,\"2\":null,\"3\":null},\"O(p)\":{\"0\":1.2802130444,\"1\":null,\"2\":null,\"3\":null},\"eigs(MA)\":{\"0\":0.0,\"1\":0.0,\"2\":0.0,\"3\":0.0},\"Aloc(mean)\":{\"0\":null,\"1\":null,\"2\":null,\"3\":null},\"Aloc(std)\":{\"0\":null,\"1\":null,\"2\":null,\"3\":null},\"Aloc(min)\":{\"0\":null,\"1\":null,\"2\":null,\"3\":null},\"Aloc(max)\":{\"0\":null,\"1\":null,\"2\":null,\"3\":null},\"Aloc(sum)\":{\"0\":null,\"1\":null,\"2\":null,\"3\":null},\"Aloc(sq_sum)\":{\"0\":null,\"1\":null,\"2\":null,\"3\":null},\"Aloc(num)\":{\"0\":null,\"1\":null,\"2\":null,\"3\":null}}",
  "212050": "{\"dofs\":{\"0\":212050,\"1\":26612,\"2\":3080},\"nnz\":{\"0\":3862828,\"1\":1031234,\"2\":174254},\"nnz(%)\":{\"0\":76.22,\"1\":20.35,\"2\":3.44},\"CR\":{\"0\":7.97,\"1\":8.64,\"2\":null},\"Ratio[v\\/p]\":{\"0\":7.933,\"1\":7.853,\"2\":7.8},\"CR(u_x)\":{\"0\":7.977,\"1\":8.647,\"2\":8.75},\"CR(u_y)\":{\"0\":7.977,\"1\":8.647,\"2\":8.75},\"CR(p)\":{\"0\":7.897,\"1\":8.589,\"2\":null},\"dofs(u_x)\":{\"0\":94156,\"1\":11803,\"2\":1365},\"dofs(u_y)\":{\"0\":94156,\"1\":11803,\"2\":1365},\"dofs(p)\":{\"0\":23738,\"1\":3006,\"2\":350},\"O(ml)\":{\"0\":1.312,\"1\":null,\"2\":null},\"O(ml(A))\":{\"0\":1.14,\"1\":null,\"2\":null},\"O(u_x)\":{\"0\":1.3344890013,\"1\":null,\"2\":null},\"O(u_y)\":{\"0\":1.3344890013,\"1\":null,\"2\":null},\"O(p)\":{\"0\":1.2670409664,\"1\":null,\"2\":null},\"eigs(MA)\":{\"0\":0.0,\"1\":0.0,\"2\":0.0},\"Aloc(mean)\":{\"0\":null,\"1\":null,\"2\":null},\"Aloc(std)\":{\"0\":null,\"1\":null,\"2\":null},\"Aloc(min)\":{\"0\":null,\"1\":null,\"2\":null},\"Aloc(max)\":{\"0\":null,\"1\":null,\"2\":null},\"Aloc(sum)\":{\"0\":null,\"1\":null,\"2\":null},\"Aloc(sq_sum)\":{\"0\":null,\"1\":null,\"2\":null},\"Aloc(num)\":{\"0\":null,\"1\":null,\"2\":null}}",