{
  "4951877": "{\"dofs\":{\"0\":4951877,\"1\":644625,\"2\":71847,\"3\":7692,\"4\":785},\"nnz\":{\"0\":72121216,\"1\":16319134,\"2\":3091856,\"3\":462984,\"4\":49450},\"nnz(%)\":{\"0\":78.35,\"1\":17.73,\"2\":3.36,\"3\":0.5,\"4\":0.05},\"CR\":{\"0\":7.68,\"1\":8.97,\"2\":9.34,\"3\":9.8,\"4\":null},\"Ratio[v\\/p]\":{\"0\":7.986,\"1\":7.965,\"2\":7.955,\"3\":7.862,\"4\":7.441},\"CR(u_x)\":{\"0\":7.684,\"1\":8.975,\"2\":9.343,\"3\":9.813,\"4\":null},\"CR(u_y)\":{\"0\":7.684,\"1\":8.972,\"2\":9.363,\"3\":9.91,\"4\":null},\"CR(p)\":{\"0\":7.664,\"1\":8.962,\"2\":9.243,\"3\":9.333,\"4\":null},\"dofs(u_x)\":{\"0\":2200404,\"1\":286361,\"2\":31907,\"3\":3415,\"4\":348},\"dofs(u_y)\":{\"0\":2200404,\"1\":286361,\"2\":31917,\"3\":3409,\"4\":344},\"dofs(p)\":{\"0\":551069,\"1\":71903,\"2\":8023,\"3\":868,\"4\":93},\"O(ml)\":{\"0\":1.276,\"1\":null,\"2\":null,\"3\":null,\"4\":null},\"O(ml(A))\":{\"0\":1.146,\"1\":null,\"2\":null,\"3\":null,\"4\":null},\"O(u_x)\":{\"0\":1.2997253226,\"1\":null,\"2\":null,\"3\":null,\"4\":null},\"O(u_y)\":{\"0\":1.2996545718,\"1\":null,\"2\":null,\"3\":null,\"4\":null},\"O(p)\":{\"0\":1.2992776913,\"1\":null,\"2\":null,\"3\":null,\"4\":null},\"eigs(MA)\":{\"0\":0.0,\"1\":0.0,\"2\":0.0,\"3\":0.0,\"4\":0.0},\"Aloc(mean)\":{\"0\":null,\"1\":null,\"2\":null,\"3\":null,\"4\":null},\"Aloc(std)\":{\"0\":null,\"1\":null,\"2\":null,\"3\":null,\"4\":null},\"Aloc(min)\":{\"0\":null,\"1\":null,\"2\":null,\"3\":null,\"4\":null},\"Aloc(max)\":{\"0\":null,\"1\":null,\"2\":null,\"3\":null,\"4\":null},\"Aloc(sum)\":{\"0\":null,\"1\":null,\"2\":null,\"3\":null,\"4\":null},\"Aloc(sq_sum)\":{\"0\":null,\"1\":null,\"2\":null,\"3\":null,\"4\":null},\"Aloc(num)\":{\"0\":null,\"1\":null,\"2\":null,\"3\":null,\"4\":null}}",
  "2248204": "{\"dofs\":{\"0\":2248204,\"1\":288855,\"2\":32306,\"3\":3492},\"nnz\":{\"0\":32683639,\"1\":7273710,\"2\":1367090,\"3\":200746},\"nnz(%)\":{\"0\":78.71,\"1\":17.52,\"2\":3.29,\"3\":0.48},\"CR\":{\"0\":7.78,\"1\":8.94,\"2\":9.25,\"3\":null},\"Ratio[v\\/p]\":{\"0\":7.979,\"1\":8.054,\"2\":8.034,\"3\":7.818},\"CR(u_x)\":{\"0\":7.775,\"1\":8.947,\"2\":9.276,\"3\":9.497},\"CR(u_y)\":{\"0\":7.775,\"1\":8.94,\"2\":9.284,\"3\":9.325},\"CR(p)\":{\"0\":7.848,\"1\":8.922,\"2\":9.03,\"3\":null},\"dofs(u_x)\":{\"0\":998912,\"1\":128475,\"2\":14359,\"3\":1548},\"dofs(u_y)\":{\"0\":998912,\"1\":128475,\"2\":14371,\"3\":1548},\"dofs(p)\":{\"0\":250380,\"1\":31905,\"2\":3576,\"3\":396},\"O(ml)\":{\"0\":1.271,\"1\":null,\"2\":null,\"3\":null},\"O(ml(A))\":{\"0\":1.144,\"1\":null,\"2\":null,\"3\":null},\"O(u_x)\":{\"0\":1.2945658152,\"1\":null,\"2\":null,\"3\":null},\"O(u_y)\":{\"0\":1.2946392711,\"1\":null,\"2\":null,\"3\":null},\"O(p)\":{\"0\":1.2895812398,\"1\":null,\"2\":null,\"3\":null},\"eigs(MA)\":{\"0\":0.0,\"1\":0.0,\"2\":0.0,\"3\":0.0},\"Aloc(mean)\":{\"0\":null,\"1\":null,\"2\":null,\"3\":null},\"Aloc(std)\":{\"0\":null,\"1\":null,\"2\":null,\"3\":null},\"Aloc(min)\":{\"0\":null,\"1\":null,\"2\":null,\"3\":null},\"Aloc(max)\":{\"0\":null,\"1\":null,\"2\":null,\"3\":null},\"Aloc(sum)\":{\"0\":null,\"1\":null,\"2\":null,\"3\":null},\"Aloc(sq_sum)\":{\"0\":null,\"1\":null,\"2\":null,\"3\":null},\"Aloc(num)\":{\"0\":null,\"1\":null,\"2\":null,\"3\":null}}",
  "1021759": "{\"dofs\":{\"0\":1021759,\"1\":131354,\"2\":14710,\"3\":1590},\"nnz\":{\"0\":14815738,\"1\":3291894,\"2\":611013,\"3\":85039},\"nnz(%)\":{\"0\":78.79,\"1\":17.51,\"2\":3.25,\"3\":0.45},\"CR\":{\"0\":7.78,\"1\":8.93,\"2\":9.25,\"3\":null},\"Ratio[v\\/p]\":{\"0\":7.969,\"1\":8.11,\"2\":8.097,\"3\":7.883},\"CR(u_x)\":{\"0\":7.764,\"1\":8.932,\"2\":9.285,\"3\":9.156},\"CR(u_y)\":{\"0\":7.764,\"1\":8.931,\"2\":9.273,\"3\":null},\"CR(p)\":{\"0\":7.901,\"1\":8.917,\"2\":9.034,\"3\":null},\"dofs(u_x)\":{\"0\":453920,\"1\":58468,\"2\":6546,\"3\":705},\"dofs(u_y)\":{\"0\":453920,\"1\":58468,\"2\":6547,\"3\":706},\"dofs(p)\":{\"0\":113919,\"1\":14418,\"2\":1617,\"3\":179},\"O(ml)\":{\"0\":1.269,\"1\":null,\"2\":null,\"3\":null},\"O(ml(A))\":{\"0\":1.145,\"1\":null,\"2\":null,\"3\":null},\"O(u_x)\":{\"0\":1.2942373716,\"1\":null,\"2\":null,\"3\":null},\"O(u_y)\":{\"0\":1.2936497366,\"1\":null,\"2\":null,\"3\":null},\"O(p)\":{\"0\":1.2828089948,\"1\":null,\"2\":null,\"3\":null},\"eigs(MA)\":{\"0\":0.0,\"1\":0.0,\"2\":0.0,\"3\":0.0},\"Aloc(mean)\":{\"0\":null,\"1\":null,\"2\":null,\"3\":null},\"Aloc(std)\":{\"0\":null,\"1\":null,\"2\":null,\"3\":null},\"Aloc(min)\":{\"0\":null,\"1\":null,\"2\":null,\"3\":null},\"Aloc(max)\":{\"0\":null,\"1\":null,\"2\":null,\"3\":null},\"Aloc(sum)\":{\"0\":null,\"1\":null,\"2\":null,\"3\":null},\"Aloc(sq_sum)\":{\"0\":null,\"1\":null,\"2\":null,\"3\":null},\"Aloc(num)\":{\"0\":null,\"1\":null,\"2\":null,\"3\":null}}",
  "466334": "{\"dofs\":{\"0\":466334,\"1\":59954,\"2\":6768,\"3\":745},\"nnz\":{\"0\":6733257,\"1\":1496870,\"2\":275128,\"3\":36404},\"nnz(%)\":{\"0\":78.83,\"1\":17.52,\"2\":3.22,\"3\":0.43},\"CR\":{\"0\":7.78,\"1\":8.86,\"2\":9.08,\"3\":null},\"Ratio[v\\/p]\":{\"0\":7.955,\"1\":8.046,\"2\":8.0,\"3\":7.765},\"CR(u_x)\":{\"0\":7.768,\"1\":8.864,\"2\":9.115,\"3\":null},\"CR(u_y)\":{\"0\":7.768,\"1\":8.864,\"2\":9.115,\"3\":null},\"CR(p)\":{\"0\":7.857,\"1\":8.814,\"2\":8.847,\"3\":null},\"dofs(u_x)\":{\"0\":207128,\"1\":26663,\"2\":3008,\"3\":330},\"dofs(u_y)\":{\"0\":207128,\"1\":26663,\"2\":3008,\"3\":330},\"dofs(p)\":{\"0\":52078,\"1\":6628,\"2\":752,\"3\":85},\"O(ml)\":{\"0\":1.269,\"1\":null,\"2\":null,\"3\":null},\"O(ml(A))\":{\"0\":1.145,\"1\":null,\"2\":null,\"3\":null},\"O(u_x)\":{\"0\":1.2933455634,\"1\":null,\"2\":null,\"3\":null},\"O(u_y)\":{\"0\":1.2933511436,\"1\":null,\"2\":null,\"3\":null},\"O(p)\":{\"0\":1.2802130444,\"1\":null,\"2\":null,\"3\":null},\"eigs(MA)\":{\"0\":0.0,\"1\":0.0,\"2\":0.0,\"3\":0.0},\"Aloc(mean)\":{\"0\":null,\"1\":null,\"2\":null,\"3\":null},\"Aloc(std)\":{\"0\":null,\"1\":null,\"2\":null,\"3\":null},\"Aloc(min)\":{\"0\":null,\"1\":null,\"2\":null,\"3\":null},\"Aloc(max)\":{\"0\":null,\"1\":null,\"2\":null,\"3\":null},\"Aloc(sum)\":{\"0\":null,\"1\":null,\"2\":null,\"3\":null},\"Aloc(sq_sum)\":{\"0\":null,\"1\":null,\"2\":null,\"3\":null},\"Aloc(num)\":{\"0\":null,\"1\":null,\"2\":null,\"3\":null}}",
  "212050": "{\"dofs\":{\"0\":212050,\"1\":26612,\"2\":3049},\"nnz\":{\"0\":3046788,\"1\":657150,\"2\":119519},\"nnz(%)\":{\"0\":79.69,\"1\":17.19,\"2\":3.13},\"CR\":{\"0\":7.97,\"1\":8.73,\"2\":null},\"Ratio[v\\/p]\":{\"0\":7.933,\"1\":7.853,\"2\":7.711},\"CR(u_x)\":{\"0\":7.977,\"1\":8.743,\"2\":9.184},\"CR(u_y)\":{\"0\":7.977,\"1\":8.749,\"2\":9.115},\"CR(p)\":{\"0\":7.897,\"1\":8.589,\"2\":null},\"dofs(u_x)\":{\"0\":94156,\"1\":11803,\"2\":1350},\"dofs(u_y)\":{\"0\":94156,\"1\":11803,\"2\":1349},\"dofs(p)\":{\"0\":23738,\"1\":3006,\"2\":350},\"O(ml)\":{\"0\":1.255,\"1\":null,\"2\":null},\"O(ml(A))\":{\"0\":1.14,\"1\":null,\"2\":null},\"O(u_x)\":{\"0\":1.2836380467,\"1\":null,\"2\":null},\"O(u_y)\":{\"0\":1.283634961,\"1\":null,\"2\":null},\"O(p)\":{\"0\":1.2670409664,\"1\":null,\"2\":null},\"eigs(MA)\":{\"0\":0.0,\"1\":0.0,\"2\":0.0},\"Aloc(mean)\":{\"0\":null,\"1\":null,\"2\":null},\"Aloc(std)\":{\"0\":null,\"1\":null,\"2\":null},\"Aloc(min)\":{\"0\":null,\"1\":null,\"2\":null},\"Aloc(max)\":{\"0\":null,\"1\":null,\"2\":null},\"Aloc(sum)\":{\"0\":null,\"1\":null,\"2\":null},\"Aloc(sq_sum)\":{\"0\":null,\"1\":null,\"2\":null},\"Aloc(num)\":{\"0\":null,\"1\":null,\"2\":null}}",