{
  "4951877": "{\"dofs\":{\"0\":4951877,\"1\":644625,\"2\":71847,\"3\":7692,\"4\":785},\"nnz\":{\"0\":72132884,\"1\":16319134,\"2\":3091856,\"3\":462984,\"4\":49450},\"nnz(%)\":{\"0\":78.36,\"1\":17.73,\"2\":3.36,\"3\":0.5,\"4\":0.05},\"CR\":{\"0\":7.68,\"1\":8.97,\"2\":9.34,\"3\":9.8,\"4\":null},\"Ratio[v\\/p]\":{\"0\":7.986,\"1\":7.965,\"2\":7.955,\"3\":7.862,\"4\":7.441},\"CR(u_x)\":{\"0\":7.684,\"1\":8.975,\"2\":9.343,\"3\":9.813,\"4\":null},\"CR(u_y)\":{\"0\":7.684,\"1\":8.972,\"2\":9.363,\"3\":9.91,\"4\":null},\"CR(p)\":{\"0\":7.664,\"1\":8.962,\"2\":9.243,\"3\":9.333,\"4\":null},\"dofs(u_x)\":{\"0\":2200404,\"1\":286361,\"2\":31907,\"3\":3415,\"4\":348},\"dofs(u_y)\":{\"0\":2200404,\"1\":286361,\"2\":31917,\"3\":3409,\"4\":344},\"dofs(p)\":{\"0\":551069,\"1\":71903,\"2\":8023,\"3\":868,\"4\":93},\"O(ml)\":{\"0\":1.276,\"1\":null,\"2\":null,\"3\":null,\"4\":null},\"O(ml(A))\":{\"0\":1.146,\"1\":null,\"2\":null,\"3\":null,\"4\":null},\"O(u_x)\":{\"0\":1.2997253226,\"1\":null,\"2\":null,\"3\":null,\"4\":null},\"O(u_y)\":{\"0\":1.2996545718,\"1\":null,\"2\":null,\"3\":null,\"4\":null},\"O(p)\":{\"0\":1.2992776913,\"1\":null,\"2\":null,\"3\":null,\"4\":null},\"eigs(MA)\":{\"0\":[{\"imag\":-0.4553,\"real\":0.955},{\"imag\":0.4553,\"real\":0.955}],\"1\":[0.5719,1.3553],\"2\":[0.6747,1.3323],\"3\":[{\"imag\":-0.423,\"real\":1.0216},{\"imag\":0.423,\"real\":1.0216}],\"4\":[{\"imag\":-0.3442,\"real\":1.0459},{\"imag\":0.3442,\"real\":1.0459}]},\"Aloc(mean)\":{\"0\":38.588556061,\"1\":62.2048454167,\"2\":104.1577963355,\"3\":139.9711981567,\"4\":38.7858834375},\"Aloc(std)\":{\"0\":2.0112264602,\"1\":5.6539989525,\"2\":12.5269358536,\"3\":26.5270985687,\"4\":1.9855369618},\"Aloc(min)\":{\"0\":9,\"1\":17,\"2\":35,\"3\":47,\"4\":9},\"Aloc(max)\":{\"0\":51,\"1\":81,\"2\":137,\"3\":188,\"4\":51},\"Aloc(sum)\":{\"0\":21264957,\"1\":4472715,\"2\":835658,\"3\":121495,\"4\":21373698},\"Aloc(sq_sum)\":{\"0\":822813077,\"1\":280523119,\"2\":88299298,\"3\":17616601,\"4\":831170270},\"Aloc(num)\":{\"0\":551069,\"1\":71903,\"2\":8023,\"3\":868,\"4\":551069}}",
  "2248204": "{\"dofs\":{\"0\":2248204,\"1\":288855,\"2\":32306,\"3\":3492},\"nnz\":{\"0\":32686171,\"1\":7273710,\"2\":1367090,\"3\":200746},\"nnz(%)\":{\"0\":78.71,\"1\":17.52,\"2\":3.29,\"3\":0.48},\"CR\":{\"0\":7.78,\"1\":8.94,\"2\":9.25,\"3\":null},\"Ratio[v\\/p]\":{\"0\":7.979,\"1\":8.054,\"2\":8.034,\"3\":7.818},\"CR(u_x)\":{\"0\":7.775,\"1\":8.947,\"2\":9.276,\"3\":9.497},\"CR(u_y)\":{\"0\":7.775,\"1\":8.94,\"2\":9.284,\"3\":9.325},\"CR(p)\":{\"0\":7.848,\"1\":8.922,\"2\":9.03,\"3\":null},\"dofs(u_x)\":{\"0\":998912,\"1\":128475,\"2\":14359,\"3\":1548},\"dofs(u_y)\":{\"0\":998912,\"1\":128475,\"2\":14371,\"3\":1548},\"dofs(p)\":{\"0\":250380,\"1\":31905,\"2\":3576,\"3\":396},\"O(ml)\":{\"0\":1.27,\"1\":null,\"2\":null,\"3\":null},\"O(ml(A))\":{\"0\":1.144,\"1\":null,\"2\":null,\"3\":null},\"O(u_x)\":{\"0\":1.2945658152,\"1\":null,\"2\":null,\"3\":null},\"O(u_y)\":{\"0\":1.2946392711,\"1\":null,\"2\":null,\"3\":null},\"O(p)\":{\"0\":1.2895812398,\"1\":null,\"2\":null,\"3\":null},\"eigs(MA)\":{\"0\":[{\"imag\":-0.46,\"real\":0.9554},{\"imag\":0.46,\"real\":0.9554}],\"1\":[0.721,1.2091],\"2\":[0.6961,1.3151],\"3\":[{\"imag\":-0.3611,\"real\":1.0459},{\"imag\":0.3611,\"real\":1.0459}]},\"Aloc(mean)\":{\"0\":38.4843757489,\"1\":62.4266102492,\"2\":102.9021252796,\"3\":38.6909417685},\"Aloc(std)\":{\"0\":2.4135106092,\"1\":6.3763255313,\"2\":14.5099647917,\"3\":2.3972689749},\"Aloc(min)\":{\"0\":9,\"1\":21,\"2\":29,\"3\":9},\"Aloc(max)\":{\"0\":51,\"1\":79,\"2\":133,\"3\":51},\"Aloc(sum)\":{\"0\":9635718,\"1\":1991721,\"2\":367978,\"3\":9687438},\"Aloc(sq_sum)\":{\"0\":372283064,\"1\":125633569,\"2\":38618606,\"3\":376255008},\"Aloc(num)\":{\"0\":250380,\"1\":31905,\"2\":3576,\"3\":250380}}",
  "1021759": "{\"dofs\":{\"0\":1021759,\"1\":131354,\"2\":14710,\"3\":1590},\"nnz\":{\"0\":14808704,\"1\":3291894,\"2\":611013,\"3\":85039},\"nnz(%)\":{\"0\":78.78,\"1\":17.51,\"2\":3.25,\"3\":0.45},\"CR\":{\"0\":7.78,\"1\":8.93,\"2\":9.25,\"3\":null},\"Ratio[v\\/p]\":{\"0\":7.969,\"1\":8.11,\"2\":8.097,\"3\":7.883},\"CR(u_x)\":{\"0\":7.764,\"1\":8.932,\"2\":9.285,\"3\":9.156},\"CR(u_y)\":{\"0\":7.764,\"1\":8.931,\"2\":9.273,\"3\":null},\"CR(p)\":{\"0\":7.901,\"1\":8.917,\"2\":9.034,\"3\":null},\"dofs(u_x)\":{\"0\":453920,\"1\":58468,\"2\":6546,\"3\":705},\"dofs(u_y)\":{\"0\":453920,\"1\":58468,\"2\":6547,\"3\":706},\"dofs(p)\":{\"0\":113919,\"1\":14418,\"2\":1617,\"3\":179},\"O(ml)\":{\"0\":1.269,\"1\":null,\"2\":null,\"3\":null},\"O(ml(A))\":{\"0\":1.145,\"1\":null,\"2\":null,\"3\":null},\"O(u_x)\":{\"0\":1.2942373716,\"1\":null,\"2\":null,\"3\":null},\"O(u_y)\":{\"0\":1.2936497366,\"1\":null,\"2\":null,\"3\":null},\"O(p)\":{\"0\":1.2828089948,\"1\":null,\"2\":null,\"3\":null},\"eigs(MA)\":{\"0\":[{\"imag\":-0.3604,\"real\":0.9563},{\"imag\":0.3604,\"real\":0.9563}],\"1\":[0.7584,1.1897],\"2\":[{\"imag\":-0.2656,\"real\":1.0132},{\"imag\":0.2656,\"real\":1.0132}],\"3\":[{\"imag\":-0.1424,\"real\":1.0466},{\"imag\":0.1424,\"real\":1.0466}]},\"Aloc(mean)\":{\"0\":38.3316040344,\"1\":62.3555278125,\"2\":101.061842919,\"3\":38.5728017275},\"Aloc(std)\":{\"0\":2.9113508637,\"1\":7.201918856,\"2\":16.6617893118,\"3\":2.9065054658},\"Aloc(min)\":{\"0\":9,\"1\":15,\"2\":27,\"3\":9},\"Aloc(max)\":{\"0\":45,\"1\":79,\"2\":139,\"3\":45},\"Aloc(sum)\":{\"0\":4366698,\"1\":899042,\"2\":163417,\"3\":4394175},\"Aloc(sq_sum)\":{\"0\":168348112,\"1\":56808066,\"2\":16964127,\"3\":170458003},\"Aloc(num)\":{\"0\":113919,\"1\":14418,\"2\":1617,\"3\":113919}}",
  "466334": "{\"dofs\":{\"0\":466334,\"1\":59954,\"2\":6768,\"3\":745},\"nnz\":{\"0\":6736473,\"1\":1496870,\"2\":275128,\"3\":36404},\"nnz(%)\":{\"0\":78.84,\"1\":17.52,\"2\":3.22,\"3\":0.43},\"CR\":{\"0\":7.78,\"1\":8.86,\"2\":9.08,\"3\":null},\"Ratio[v\\/p]\":{\"0\":7.955,\"1\":8.046,\"2\":8.0,\"3\":7.765},\"CR(u_x)\":{\"0\":7.768,\"1\":8.864,\"2\":9.115,\"3\":null},\"CR(u_y)\":{\"0\":7.768,\"1\":8.864,\"2\":9.115,\"3\":null},\"CR(p)\":{\"0\":7.857,\"1\":8.814,\"2\":8.847,\"3\":null},\"dofs(u_x)\":{\"0\":207128,\"1\":26663,\"2\":3008,\"3\":330},\"dofs(u_y)\":{\"0\":207128,\"1\":26663,\"2\":3008,\"3\":330},\"dofs(p)\":{\"0\":52078,\"1\":6628,\"2\":752,\"3\":85},\"O(ml)\":{\"0\":1.268,\"1\":null,\"2\":null,\"3\":null},\"O(ml(A))\":{\"0\":1.145,\"1\":null,\"2\":null,\"3\":null},\"O(u_x)\":{\"0\":1.2933455634,\"1\":null,\"2\":null,\"3\":null},\"O(u_y)\":{\"0\":1.2933511436,\"1\":null,\"2\":null,\"3\":null},\"O(p)\":{\"0\":1.2802130444,\"1\":null,\"2\":null,\"3\":null},\"eigs(MA)\":{\"0\":[{\"imag\":-0.3676,\"real\":0.9607},{\"imag\":0.3676,\"real\":0.9607}],\"1\":[0.5689,1.376],\"2\":[{\"imag\":-0.2888,\"real\":1.0344},{\"imag\":0.2888,\"real\":1.0344}],\"3\":[{\"imag\":-0.0918,\"real\":1.0497},{\"imag\":0.0918,\"real\":1.0497}]},\"Aloc(mean)\":{\"0\":38.1421329544,\"1\":61.6496680748,\"2\":97.5292553191,\"3\":38.3702139099},\"Aloc(std)\":{\"0\":3.5014053892,\"1\":8.1238761747,\"2\":19.136177598,\"3\":3.5076033344},\"Aloc(min)\":{\"0\":9,\"1\":19,\"2\":27,\"3\":9},\"Aloc(max)\":{\"0\":45,\"1\":79,\"2\":129,\"3\":45},\"Aloc(sum)\":{\"0\":1986366,\"1\":408614,\"2\":73342,\"3\":1998244},\"Aloc(sq_sum)\":{\"0\":76402704,\"1\":25628348,\"2\":7428368,\"3\":77313780},\"Aloc(num)\":{\"0\":52078,\"1\":6628,\"2\":752,\"3\":52078}}",