{
  "7534614": "{\"dofs\":{\"0\":7534614,\"1\":491800,\"2\":30358,\"3\":1005},\"nnz\":{\"0\":289575423,\"1\":128753093,\"2\":16897937,\"3\":157337},\"nnz(%)\":{\"0\":66.51,\"1\":29.57,\"2\":3.88,\"3\":0.04},\"CR\":{\"0\":15.32,\"1\":16.2,\"2\":30.21,\"3\":null},\"Ratio[v\\/p]\":{\"0\":23.586,\"1\":18.035,\"2\":15.295,\"3\":12.581},\"CR(u_x)\":{\"0\":15.511,\"1\":16.44,\"2\":30.185,\"3\":null},\"CR(u_y)\":{\"0\":15.513,\"1\":16.359,\"2\":31.128,\"3\":null},\"CR(u_z)\":{\"0\":15.512,\"1\":16.259,\"2\":30.521,\"3\":null},\"CR(p)\":{\"0\":11.861,\"1\":13.868,\"2\":25.176,\"3\":null},\"dofs(u_x)\":{\"0\":2409385,\"1\":155329,\"2\":9448,\"3\":313},\"dofs(u_y)\":{\"0\":2409385,\"1\":155312,\"2\":9494,\"3\":305},\"dofs(u_z)\":{\"0\":2409385,\"1\":155322,\"2\":9553,\"3\":313},\"dofs(p)\":{\"0\":306459,\"1\":25837,\"2\":1863,\"3\":74},\"O(ml)\":{\"0\":1.504,\"1\":null,\"2\":null,\"3\":null},\"O(ml(A))\":{\"0\":1.069,\"1\":null,\"2\":null,\"3\":null},\"O(u_x)\":{\"0\":1.5401660041,\"1\":null,\"2\":null,\"3\":null},\"O(u_y)\":{\"0\":1.5405312753,\"1\":null,\"2\":null,\"3\":null},\"O(u_z)\":{\"0\":1.5414196057,\"1\":null,\"2\":null,\"3\":null},\"O(p)\":{\"0\":1.400479045,\"1\":null,\"2\":null,\"3\":null},\"eigs(MA)\":{\"0\":[0.1817,1.8632],\"1\":[0.3831,1.928],\"2\":[0.9796,2.5008],\"3\":0.0},\"Aloc(mean)\":{\"0\":175.3181306472,\"1\":796.8485892325,\"2\":1563.5673644659,\"3\":null},\"Aloc(std)\":{\"0\":61.5290939863,\"1\":265.1882359148,\"2\":533.7471458706,\"3\":null},\"Aloc(min)\":{\"0\":10.0,\"1\":94.0,\"2\":426.0,\"3\":null},\"Aloc(max)\":{\"0\":331.0,\"1\":1351.0,\"2\":3328.0,\"3\":null},\"Aloc(sum)\":{\"0\":53727819.0,\"1\":20588177.0,\"2\":2912926.0,\"3\":null},\"Aloc(sq_sum)\":{\"0\":10579662285.0,\"1\":18222641667.0,\"2\":5085298676.0,\"3\":null},\"Aloc(num)\":{\"0\":306459.0,\"1\":25837.0,\"2\":1863.0,\"3\":null}}",
  "5346900": "{\"dofs\":{\"0\":5346900,\"1\":342422,\"2\":21631,\"3\":764},\"nnz\":{\"0\":202157643,\"1\":88177465,\"2\":11132297,\"3\":107440},\"nnz(%)\":{\"0\":67.03,\"1\":29.24,\"2\":3.69,\"3\":0.04},\"CR\":{\"0\":15.61,\"1\":15.83,\"2\":28.31,\"3\":null},\"Ratio[v\\/p]\":{\"0\":23.435,\"1\":17.35,\"2\":16.14,\"3\":9.324},\"CR(u_x)\":{\"0\":15.862,\"1\":15.776,\"2\":29.444,\"3\":null},\"CR(u_y)\":{\"0\":15.828,\"1\":15.964,\"2\":29.413,\"3\":null},\"CR(u_z)\":{\"0\":15.828,\"1\":15.946,\"2\":29.706,\"3\":null},\"CR(p)\":{\"0\":11.726,\"1\":14.787,\"2\":17.054,\"3\":null},\"dofs(u_x)\":{\"0\":1709361,\"1\":107763,\"2\":6831,\"3\":232},\"dofs(u_y)\":{\"0\":1709361,\"1\":107999,\"2\":6765,\"3\":230},\"dofs(u_z)\":{\"0\":1709361,\"1\":107999,\"2\":6773,\"3\":228},\"dofs(p)\":{\"0\":218817,\"1\":18661,\"2\":1262,\"3\":74},\"O(ml)\":{\"0\":1.492,\"1\":null,\"2\":null,\"3\":null},\"O(ml(A))\":{\"0\":1.068,\"1\":null,\"2\":null,\"3\":null},\"O(u_x)\":{\"0\":1.5272751332,\"1\":null,\"2\":null,\"3\":null},\"O(u_y)\":{\"0\":1.5275616957,\"1\":null,\"2\":null,\"3\":null},\"O(u_z)\":{\"0\":1.527826349,\"1\":null,\"2\":null,\"3\":null},\"O(p)\":{\"0\":1.3917731933,\"1\":null,\"2\":null,\"3\":null},\"eigs(MA)\":{\"0\":[0.1862,1.8554],\"1\":[0.4083,1.938],\"2\":[0.9343,2.1834],\"3\":0.0},\"Aloc(mean)\":{\"0\":171.9503420667,\"1\":764.7227372595,\"2\":1461.735340729,\"3\":null},\"Aloc(std)\":{\"0\":63.5626556405,\"1\":267.776765004,\"2\":488.3933243869,\"3\":null},\"Aloc(min)\":{\"0\":10.0,\"1\":136.0,\"2\":430.0,\"3\":null},\"Aloc(max)\":{\"0\":331.0,\"1\":1367.0,\"2\":3085.0,\"3\":null},\"Aloc(sum)\":{\"0\":37625658.0,\"1\":14270491.0,\"2\":1844710.0,\"3\":null},\"Aloc(sq_sum)\":{\"0\":7353811656.0,\"1\":12251044671.0,\"2\":2997500186.0,\"3\":null},\"Aloc(num)\":{\"0\":218817.0,\"1\":18661.0,\"2\":1262.0,\"3\":null}}",
  "3762040": "{\"dofs\":{\"0\":3762040,\"1\":239581,\"2\":15899},\"nnz\":{\"0\":139567199,\"1\":60633818,\"2\":7791893},\"nnz(%)\":{\"0\":67.1,\"1\":29.15,\"2\":3.75},\"CR\":{\"0\":15.7,\"1\":15.07,\"2\":null},\"Ratio[v\\/p]\":{\"0\":23.263,\"1\":16.929,\"2\":14.773},\"CR(u_x)\":{\"0\":15.962,\"1\":15.319,\"2\":27.469},\"CR(u_y)\":{\"0\":15.936,\"1\":15.156,\"2\":27.966},\"CR(u_z)\":{\"0\":15.936,\"1\":15.101,\"2\":27.911},\"CR(p)\":{\"0\":11.603,\"1\":13.257,\"2\":null},\"dofs(u_x)\":{\"0\":1202329,\"1\":75323,\"2\":4917},\"dofs(u_y)\":{\"0\":1202329,\"1\":75449,\"2\":4978},\"dofs(u_z)\":{\"0\":1202329,\"1\":75446,\"2\":4996},\"dofs(p)\":{\"0\":155053,\"1\":13363,\"2\":1008},\"O(ml)\":{\"0\":1.49,\"1\":null,\"2\":null},\"O(ml(A))\":{\"0\":1.068,\"1\":null,\"2\":null},\"O(u_x)\":{\"0\":1.5235228147,\"1\":null,\"2\":null},\"O(u_y)\":{\"0\":1.5258716888,\"1\":null,\"2\":null},\"O(u_z)\":{\"0\":1.525985826,\"1\":null,\"2\":null},\"O(p)\":{\"0\":1.3938438081,\"1\":null,\"2\":null},\"eigs(MA)\":{\"0\":[0.192,1.8497],\"1\":[0.4469,1.9252],\"2\":0.0},\"Aloc(mean)\":{\"0\":168.1386429156,\"1\":739.0600164634,\"2\":null},\"Aloc(std)\":{\"0\":65.6008011823,\"1\":268.9268747962,\"2\":null},\"Aloc(min)\":{\"0\":7.0,\"1\":112.0,\"2\":null},\"Aloc(max)\":{\"0\":316.0,\"1\":1319.0,\"2\":null},\"Aloc(sum)\":{\"0\":26070401.0,\"1\":9876059.0,\"2\":null},\"Aloc(sq_sum)\":{\"0\":5050707021.0,\"1\":8265434723.0,\"2\":null},\"Aloc(num)\":{\"0\":155053.0,\"1\":13363.0,\"2\":null}}",
  "2619023": "{\"dofs\":{\"0\":2619023,\"1\":166746,\"2\":10690},\"nnz\":{\"0\":95036135,\"1\":41400921,\"2\":4608249},\"nnz(%)\":{\"0\":67.38,\"1\":29.35,\"2\":3.27},\"CR\":{\"0\":15.71,\"1\":15.6,\"2\":null},\"Ratio[v\\/p]\":{\"0\":23.064,\"1\":16.547,\"2\":14.515},\"CR(u_x)\":{\"0\":15.986,\"1\":15.842,\"2\":24.842},\"CR(u_y)\":{\"0\":15.959,\"1\":15.679,\"2\":26.968},\"CR(u_z)\":{\"0\":15.946,\"1\":15.65,\"2\":27.484},\"CR(p)\":{\"0\":11.453,\"1\":13.792,\"2\":null},\"dofs(u_x)\":{\"0\":836729,\"1\":52341,\"2\":3304},\"dofs(u_y)\":{\"0\":836729,\"1\":52429,\"2\":3344},\"dofs(u_z)\":{\"0\":836729,\"1\":52473,\"2\":3353},\"dofs(p)\":{\"0\":108836,\"1\":9503,\"2\":689},\"O(ml)\":{\"0\":1.484,\"1\":null,\"2\":null},\"O(ml(A))\":{\"0\":1.068,\"1\":null,\"2\":null},\"O(u_x)\":{\"0\":1.5167604432,\"1\":null,\"2\":null},\"O(u_y)\":{\"0\":1.5192642318,\"1\":null,\"2\":null},\"O(u_z)\":{\"0\":1.5194708715,\"1\":null,\"2\":null},\"O(p)\":{\"0\":1.3861431068,\"1\":null,\"2\":null},\"eigs(MA)\":{\"0\":[0.1989,1.8396],\"1\":[0.5044,1.9181],\"2\":0.0},\"Aloc(mean)\":{\"0\":163.8121669301,\"1\":713.8539408608,\"2\":null},\"Aloc(std)\":{\"0\":67.553684066,\"1\":270.7216757975,\"2\":null},\"Aloc(min)\":{\"0\":10.0,\"1\":124.0,\"2\":null},\"Aloc(max)\":{\"0\":316.0,\"1\":1289.0,\"2\":null},\"Aloc(sum)\":{\"0\":17828661.0,\"1\":6783754.0,\"2\":null},\"Aloc(sq_sum)\":{\"0\":3417224703.0,\"1\":5539086542.0,\"2\":null},\"Aloc(num)\":{\"0\":108836.0,\"1\":9503.0,\"2\":null}}",