{
  "10308622": "{\"dofs\":{\"0\":10308622,\"1\":741577,\"2\":42630,\"3\":1416},\"nnz\":{\"0\":282535432,\"1\":95074507,\"2\":13450325,\"3\":213186},\"nnz(%)\":{\"0\":72.21,\"1\":24.3,\"2\":3.44,\"3\":0.05},\"CR\":{\"0\":13.9,\"1\":17.4,\"2\":30.11,\"3\":null},\"Ratio[v\\/p]\":{\"0\":23.705,\"1\":20.173,\"2\":17.415,\"3\":14.733},\"CR(u_x)\":{\"0\":13.998,\"1\":17.477,\"2\":30.354,\"3\":null},\"CR(u_y)\":{\"0\":14.002,\"1\":17.604,\"2\":30.4,\"3\":null},\"CR(u_z)\":{\"0\":13.998,\"1\":17.497,\"2\":30.457,\"3\":null},\"CR(p)\":{\"0\":11.914,\"1\":15.129,\"2\":25.722,\"3\":null},\"dofs(u_x)\":{\"0\":3297120,\"1\":235543,\"2\":13477,\"3\":444},\"dofs(u_y)\":{\"0\":3297120,\"1\":235467,\"2\":13376,\"3\":440},\"dofs(u_z)\":{\"0\":3297120,\"1\":235543,\"2\":13462,\"3\":442},\"dofs(p)\":{\"0\":417262,\"1\":35024,\"2\":2315,\"3\":90},\"O(ml)\":{\"0\":1.385,\"1\":null,\"2\":null,\"3\":null},\"O(ml(A))\":{\"0\":1.076,\"1\":null,\"2\":null,\"3\":null},\"O(u_x)\":{\"0\":1.4262900059,\"1\":null,\"2\":null,\"3\":null},\"O(u_y)\":{\"0\":1.4254452628,\"1\":null,\"2\":null,\"3\":null},\"O(u_z)\":{\"0\":1.4261946277,\"1\":null,\"2\":null,\"3\":null},\"O(p)\":{\"0\":1.3990461031,\"1\":null,\"2\":null,\"3\":null},\"eigs(MA)\":{\"0\":0.0,\"1\":0.0,\"2\":0.0,\"3\":0.0},\"Aloc(mean)\":{\"0\":null,\"1\":null,\"2\":null,\"3\":null},\"Aloc(std)\":{\"0\":null,\"1\":null,\"2\":null,\"3\":null},\"Aloc(min)\":{\"0\":null,\"1\":null,\"2\":null,\"3\":null},\"Aloc(max)\":{\"0\":null,\"1\":null,\"2\":null,\"3\":null},\"Aloc(sum)\":{\"0\":null,\"1\":null,\"2\":null,\"3\":null},\"Aloc(sq_sum)\":{\"0\":null,\"1\":null,\"2\":null,\"3\":null},\"Aloc(num)\":{\"0\":null,\"1\":null,\"2\":null,\"3\":null}}",
  "4329642": "{\"dofs\":{\"0\":4329642,\"1\":309162,\"2\":17307},\"nnz\":{\"0\":114493657,\"1\":38680931,\"2\":4765222},\"nnz(%)\":{\"0\":72.49,\"1\":24.49,\"2\":3.02},\"CR\":{\"0\":14.0,\"1\":17.86,\"2\":null},\"Ratio[v\\/p]\":{\"0\":23.333,\"1\":19.29,\"2\":15.19},\"CR(u_x)\":{\"0\":14.134,\"1\":18.002,\"2\":26.532},\"CR(u_y)\":{\"0\":14.123,\"1\":18.254,\"2\":26.443},\"CR(u_z)\":{\"0\":14.118,\"1\":18.048,\"2\":26.623},\"CR(p)\":{\"0\":11.677,\"1\":14.254,\"2\":null},\"dofs(u_x)\":{\"0\":1383904,\"1\":97915,\"2\":5439},\"dofs(u_y)\":{\"0\":1383904,\"1\":97989,\"2\":5368},\"dofs(u_z)\":{\"0\":1383904,\"1\":98021,\"2\":5431},\"dofs(p)\":{\"0\":177930,\"1\":15237,\"2\":1069},\"O(ml)\":{\"0\":1.379,\"1\":null,\"2\":null},\"O(ml(A))\":{\"0\":1.075,\"1\":null,\"2\":null},\"O(u_x)\":{\"0\":1.4197217637,\"1\":null,\"2\":null},\"O(u_y)\":{\"0\":1.4194471732,\"1\":null,\"2\":null},\"O(u_z)\":{\"0\":1.4204638571,\"1\":null,\"2\":null},\"O(p)\":{\"0\":1.3892167894,\"1\":null,\"2\":null},\"eigs(MA)\":{\"0\":0.0,\"1\":0.0,\"2\":0.0},\"Aloc(mean)\":{\"0\":null,\"1\":null,\"2\":null},\"Aloc(std)\":{\"0\":null,\"1\":null,\"2\":null},\"Aloc(min)\":{\"0\":null,\"1\":null,\"2\":null},\"Aloc(max)\":{\"0\":null,\"1\":null,\"2\":null},\"Aloc(sum)\":{\"0\":null,\"1\":null,\"2\":null},\"Aloc(sq_sum)\":{\"0\":null,\"1\":null,\"2\":null},\"Aloc(num)\":{\"0\":null,\"1\":null,\"2\":null}}",
  "1783530": "{\"dofs\":{\"0\":1783530,\"1\":124842,\"2\":7331},\"nnz\":{\"0\":44858358,\"1\":15104607,\"2\":1704763},\"nnz(%)\":{\"0\":72.74,\"1\":24.49,\"2\":2.76},\"CR\":{\"0\":14.29,\"1\":17.03,\"2\":null},\"Ratio[v\\/p]\":{\"0\":22.833,\"1\":17.793,\"2\":13.604},\"CR(u_x)\":{\"0\":14.45,\"1\":17.357,\"2\":22.265},\"CR(u_y)\":{\"0\":14.459,\"1\":17.246,\"2\":20.954},\"CR(u_z)\":{\"0\":14.459,\"1\":17.322,\"2\":22.294},\"CR(p)\":{\"0\":11.265,\"1\":13.233,\"2\":null},\"dofs(u_x)\":{\"0\":569565,\"1\":39417,\"2\":2271},\"dofs(u_y)\":{\"0\":569565,\"1\":39391,\"2\":2284},\"dofs(u_z)\":{\"0\":569565,\"1\":39391,\"2\":2274},\"dofs(p)\":{\"0\":74835,\"1\":6643,\"2\":502},\"O(ml)\":{\"0\":1.375,\"1\":null,\"2\":null},\"O(ml(A))\":{\"0\":1.074,\"1\":null,\"2\":null},\"O(u_x)\":{\"0\":1.412141698,\"1\":null,\"2\":null},\"O(u_y)\":{\"0\":1.4122877545,\"1\":null,\"2\":null},\"O(u_z)\":{\"0\":1.4119478488,\"1\":null,\"2\":null},\"O(p)\":{\"0\":1.3833871248,\"1\":null,\"2\":null},\"eigs(MA)\":{\"0\":0.0,\"1\":0.0,\"2\":0.0},\"Aloc(mean)\":{\"0\":null,\"1\":null,\"2\":null},\"Aloc(std)\":{\"0\":null,\"1\":null,\"2\":null},\"Aloc(min)\":{\"0\":null,\"1\":null,\"2\":null},\"Aloc(max)\":{\"0\":null,\"1\":null,\"2\":null},\"Aloc(sum)\":{\"0\":null,\"1\":null,\"2\":null},\"Aloc(sq_sum)\":{\"0\":null,\"1\":null,\"2\":null},\"Aloc(num)\":{\"0\":null,\"1\":null,\"2\":null}}",
  "709961": "{\"dofs\":{\"0\":709961,\"1\":48286,\"2\":3057},\"nnz\":{\"0\":16626185,\"1\":5542344,\"2\":544736},\"nnz(%)\":{\"0\":73.2,\"1\":24.4,\"2\":2.4},\"CR\":{\"0\":14.7,\"1\":15.8,\"2\":null},\"Ratio[v\\/p]\":{\"0\":22.168,\"1\":16.196,\"2\":12.587},\"CR(u_x)\":{\"0\":14.949,\"1\":16.08,\"2\":null},\"CR(u_y)\":{\"0\":14.924,\"1\":15.855,\"2\":null},\"CR(u_z)\":{\"0\":14.939,\"1\":16.247,\"2\":null},\"CR(p)\":{\"0\":10.913,\"1\":12.48,\"2\":null},\"dofs(u_x)\":{\"0\":226439,\"1\":15147,\"2\":942},\"dofs(u_y)\":{\"0\":226439,\"1\":15173,\"2\":957},\"dofs(u_z)\":{\"0\":226439,\"1\":15158,\"2\":933},\"dofs(p)\":{\"0\":30644,\"1\":2808,\"2\":225},\"O(ml)\":{\"0\":1.366,\"1\":null,\"2\":null},\"O(ml(A))\":{\"0\":1.072,\"1\":null,\"2\":null},\"O(u_x)\":{\"0\":1.4002360896,\"1\":null,\"2\":null},\"O(u_y)\":{\"0\":1.4016360312,\"1\":null,\"2\":null},\"O(u_z)\":{\"0\":1.4002850359,\"1\":null,\"2\":null},\"O(p)\":{\"0\":1.3664958293,\"1\":null,\"2\":null},\"eigs(MA)\":{\"0\":0.0,\"1\":0.0,\"2\":0.0},\"Aloc(mean)\":{\"0\":null,\"1\":null,\"2\":null},\"Aloc(std)\":{\"0\":null,\"1\":null,\"2\":null},\"Aloc(min)\":{\"0\":null,\"1\":null,\"2\":null},\"Aloc(max)\":{\"0\":null,\"1\":null,\"2\":null},\"Aloc(sum)\":{\"0\":null,\"1\":null,\"2\":null},\"Aloc(sq_sum)\":{\"0\":null,\"1\":null,\"2\":null},\"Aloc(num)\":{\"0\":null,\"1\":null,\"2\":null}}",
  "276801": "{\"dofs\":{\"0\":276801,\"1\":18185,\"2\":1289},\"nnz\":{\"0\":5829496,\"1\":1942841,\"2\":159112},\"nnz(%)\":{\"0\":73.5,\"1\":24.5,\"2\":2.01},\"CR\":{\"0\":15.22,\"1\":14.11,\"2\":null},\"Ratio[v\\/p]\":{\"0\":21.276,\"1\":14.104,\"2\":10.407},\"CR(u_x)\":{\"0\":15.548,\"1\":14.422,\"2\":null},\"CR(u_y)\":{\"0\":15.611,\"1\":14.549,\"2\":null},\"CR(u_z)\":{\"0\":15.548,\"1\":14.349,\"2\":null},\"CR(p)\":{\"0\":10.321,\"1\":10.655,\"2\":null},\"dofs(u_x)\":{\"0\":88125,\"1\":5668,\"2\":393},\"dofs(u_y)\":{\"0\":88125,\"1\":5645,\"2\":388},\"dofs(u_z)\":{\"0\":88125,\"1\":5668,\"2\":395},\"dofs(p)\":{\"0\":12426,\"1\":1204,\"2\":113},\"O(ml)\":{\"0\":1.361,\"1\":null,\"2\":null},\"O(ml(A))\":{\"0\":1.07,\"1\":null,\"2\":null},\"O(u_x)\":{\"0\":1.3899783477,\"1\":null,\"2\":null},\"O(u_y)\":{\"0\":1.3874491269,\"1\":null,\"2\":null},\"O(u_z)\":{\"0\":1.3898199965,\"1\":null,\"2\":null},\"O(p)\":{\"0\":1.3595260768,\"1\":null,\"2\":null},\"eigs(MA)\":{\"0\":0.0,\"1\":0.0,\"2\":0.0},\"Aloc(mean)\":{\"0\":null,\"1\":null,\"2\":null},\"Aloc(std)\":{\"0\":null,\"1\":null,\"2\":null},\"Aloc(min)\":{\"0\":null,\"1\":null,\"2\":null},\"Aloc(max)\":{\"0\":null,\"1\":null,\"2\":null},\"Aloc(sum)\":{\"0\":null,\"1\":null,\"2\":null},\"Aloc(sq_sum)\":{\"0\":null,\"1\":null,\"2\":null},\"Aloc(num)\":{\"0\":null,\"1\":null,\"2\":null}}",