{
  "10308622": "{\"dofs\":{\"0\":10308622,\"1\":672501,\"2\":39631,\"3\":1315},\"nnz\":{\"0\":401488158,\"1\":178061118,\"2\":22598165,\"3\":234844},\"nnz(%)\":{\"0\":66.65,\"1\":29.56,\"2\":3.75,\"3\":0.04},\"CR\":{\"0\":15.33,\"1\":16.97,\"2\":30.14,\"3\":null},\"Ratio[v\\/p]\":{\"0\":23.705,\"1\":18.205,\"2\":15.951,\"3\":14.471},\"CR(u_x)\":{\"0\":15.518,\"1\":17.085,\"2\":30.406,\"3\":null},\"CR(u_y)\":{\"0\":15.518,\"1\":17.085,\"2\":30.406,\"3\":null},\"CR(u_z)\":{\"0\":15.513,\"1\":17.111,\"2\":30.148,\"3\":null},\"CR(p)\":{\"0\":11.916,\"1\":14.977,\"2\":27.506,\"3\":null},\"dofs(u_x)\":{\"0\":3297120,\"1\":212472,\"2\":12436,\"3\":409},\"dofs(u_y)\":{\"0\":3297120,\"1\":212472,\"2\":12436,\"3\":409},\"dofs(u_z)\":{\"0\":3297120,\"1\":212540,\"2\":12421,\"3\":412},\"dofs(p)\":{\"0\":417262,\"1\":35017,\"2\":2338,\"3\":85},\"O(ml)\":{\"0\":1.5,\"1\":null,\"2\":null,\"3\":null},\"O(ml(A))\":{\"0\":1.069,\"1\":null,\"2\":null,\"3\":null},\"O(u_x)\":{\"0\":1.537147896,\"1\":null,\"2\":null,\"3\":null},\"O(u_y)\":{\"0\":1.5371480142,\"1\":null,\"2\":null,\"3\":null},\"O(u_z)\":{\"0\":1.5372158636,\"1\":null,\"2\":null,\"3\":null},\"O(p)\":{\"0\":1.3997252378,\"1\":null,\"2\":null,\"3\":null},\"eigs(MA)\":{\"0\":[0.1779,1.871],\"1\":[0.3571,1.962],\"2\":[0.9761,2.4968],\"3\":0.0},\"Aloc(mean)\":{\"0\":178.082185773,\"1\":812.7836765,\"2\":1642.9824636441,\"3\":null},\"Aloc(std)\":{\"0\":59.664633067,\"1\":259.6671792123,\"2\":562.8615634022,\"3\":null},\"Aloc(min)\":{\"0\":10.0,\"1\":115.0,\"2\":487.0,\"3\":null},\"Aloc(max)\":{\"0\":331.0,\"1\":1333.0,\"2\":3252.0,\"3\":null},\"Aloc(sum)\":{\"0\":74306929.0,\"1\":28461246.0,\"2\":3841293.0,\"3\":null},\"Aloc(sq_sum)\":{\"0\":14718138159.0,\"1\":25493928960.0,\"2\":7051886157.0,\"3\":null},\"Aloc(num)\":{\"0\":417262.0,\"1\":35017.0,\"2\":2338.0,\"3\":null}}",
  "4329642": "{\"dofs\":{\"0\":4329642,\"1\":279412,\"2\":17516},\"nnz\":{\"0\":161839868,\"1\":71311715,\"2\":8584763},\"nnz(%)\":{\"0\":66.95,\"1\":29.5,\"2\":3.55},\"CR\":{\"0\":15.5,\"1\":15.95,\"2\":null},\"Ratio[v\\/p]\":{\"0\":23.333,\"1\":17.338,\"2\":15.294},\"CR(u_x)\":{\"0\":15.713,\"1\":16.019,\"2\":28.487},\"CR(u_y)\":{\"0\":15.718,\"1\":16.212,\"2\":28.286},\"CR(u_z)\":{\"0\":15.717,\"1\":15.975,\"2\":27.02},\"CR(p)\":{\"0\":11.677,\"1\":14.174,\"2\":null},\"dofs(u_x)\":{\"0\":1383904,\"1\":88075,\"2\":5498},\"dofs(u_y)\":{\"0\":1383904,\"1\":88047,\"2\":5431},\"dofs(u_z)\":{\"0\":1383904,\"1\":88053,\"2\":5512},\"dofs(p)\":{\"0\":177930,\"1\":15237,\"2\":1075},\"O(ml)\":{\"0\":1.494,\"1\":null,\"2\":null},\"O(ml(A))\":{\"0\":1.069,\"1\":null,\"2\":null},\"O(u_x)\":{\"0\":1.5309164722,\"1\":null,\"2\":null},\"O(u_y)\":{\"0\":1.5295754368,\"1\":null,\"2\":null},\"O(u_z)\":{\"0\":1.5310650014,\"1\":null,\"2\":null},\"O(p)\":{\"0\":1.3900376775,\"1\":null,\"2\":null},\"eigs(MA)\":{\"0\":[0.1889,1.8505],\"1\":[0.4426,1.9482],\"2\":0.0},\"Aloc(mean)\":{\"0\":169.6661158883,\"1\":756.1206930498,\"2\":null},\"Aloc(std)\":{\"0\":64.8342323597,\"1\":270.6789432325,\"2\":null},\"Aloc(min)\":{\"0\":7.0,\"1\":151.0,\"2\":null},\"Aloc(max)\":{\"0\":331.0,\"1\":1313.0,\"2\":null},\"Aloc(sum)\":{\"0\":30188692.0,\"1\":11521011.0,\"2\":null},\"Aloc(sq_sum)\":{\"0\":5869922900.0,\"1\":9827645477.0,\"2\":null},\"Aloc(num)\":{\"0\":177930.0,\"1\":15237.0,\"2\":null}}",
  "1783530": "{\"dofs\":{\"0\":1783530,\"1\":112810,\"2\":7374},\"nnz\":{\"0\":62927659,\"1\":27366145,\"2\":2826720},\"nnz(%)\":{\"0\":67.58,\"1\":29.39,\"2\":3.04},\"CR\":{\"0\":15.81,\"1\":15.3,\"2\":null},\"Ratio[v\\/p]\":{\"0\":22.833,\"1\":15.982,\"2\":13.689},\"CR(u_x)\":{\"0\":16.082,\"1\":15.292,\"2\":26.318},\"CR(u_y)\":{\"0\":16.119,\"1\":15.718,\"2\":23.175},\"CR(u_z)\":{\"0\":16.082,\"1\":15.345,\"2\":25.087},\"CR(p)\":{\"0\":11.265,\"1\":13.233,\"2\":null},\"dofs(u_x)\":{\"0\":569565,\"1\":35416,\"2\":2316},\"dofs(u_y)\":{\"0\":569565,\"1\":35335,\"2\":2248},\"dofs(u_z)\":{\"0\":569565,\"1\":35416,\"2\":2308},\"dofs(p)\":{\"0\":74835,\"1\":6643,\"2\":502},\"O(ml)\":{\"0\":1.48,\"1\":null,\"2\":null},\"O(ml(A))\":{\"0\":1.067,\"1\":null,\"2\":null},\"O(u_x)\":{\"0\":1.5146212728,\"1\":null,\"2\":null},\"O(u_y)\":{\"0\":1.5102740956,\"1\":null,\"2\":null},\"O(u_z)\":{\"0\":1.5143485446,\"1\":null,\"2\":null},\"O(p)\":{\"0\":1.3833871248,\"1\":null,\"2\":null},\"eigs(MA)\":{\"0\":[0.2057,1.8328],\"1\":[0.5639,1.9034],\"2\":0.0},\"Aloc(mean)\":{\"0\":158.6253624641,\"1\":681.2989613127,\"2\":null},\"Aloc(std)\":{\"0\":69.7464944196,\"1\":269.6989742188,\"2\":null},\"Aloc(min)\":{\"0\":10.0,\"1\":106.0,\"2\":null},\"Aloc(max)\":{\"0\":316.0,\"1\":1341.0,\"2\":null},\"Aloc(sum)\":{\"0\":11870729.0,\"1\":4525869.0,\"2\":null},\"Aloc(sq_sum)\":{\"0\":2247039047.0,\"1\":3566665305.0,\"2\":null},\"Aloc(num)\":{\"0\":74835.0,\"1\":6643.0,\"2\":null}}",
  "709961": "{\"dofs\":{\"0\":709961,\"1\":43469,\"2\":3065},\"nnz\":{\"0\":23061383,\"1\":9751175,\"2\":797620},\"nnz(%)\":{\"0\":68.61,\"1\":29.01,\"2\":2.37},\"CR\":{\"0\":16.33,\"1\":14.18,\"2\":null},\"Ratio[v\\/p]\":{\"0\":22.168,\"1\":14.48,\"2\":12.622},\"CR(u_x)\":{\"0\":16.718,\"1\":14.288,\"2\":null},\"CR(u_y)\":{\"0\":16.715,\"1\":14.351,\"2\":null},\"CR(u_z)\":{\"0\":16.688,\"1\":14.313,\"2\":null},\"CR(p)\":{\"0\":10.913,\"1\":12.48,\"2\":null},\"dofs(u_x)\":{\"0\":226439,\"1\":13545,\"2\":948},\"dofs(u_y)\":{\"0\":226439,\"1\":13547,\"2\":944},\"dofs(u_z)\":{\"0\":226439,\"1\":13569,\"2\":948},\"dofs(p)\":{\"0\":30644,\"1\":2808,\"2\":225},\"O(ml)\":{\"0\":1.457,\"1\":null,\"2\":null},\"O(ml(A))\":{\"0\":1.066,\"1\":null,\"2\":null},\"O(u_x)\":{\"0\":1.4861140561,\"1\":null,\"2\":null},\"O(u_y)\":{\"0\":1.4857673146,\"1\":null,\"2\":null},\"O(u_z)\":{\"0\":1.4878053137,\"1\":null,\"2\":null},\"O(p)\":{\"0\":1.3664958293,\"1\":null,\"2\":null},\"eigs(MA)\":{\"0\":[0.2301,1.8037],\"1\":[0.7505,1.8196],\"2\":0.0},\"Aloc(mean)\":{\"0\":144.3496932515,\"1\":591.6495726496,\"2\":null},\"Aloc(std)\":{\"0\":73.4126261347,\"1\":252.3837869567,\"2\":null},\"Aloc(min)\":{\"0\":7.0,\"1\":115.0,\"2\":null},\"Aloc(max)\":{\"0\":316.0,\"1\":1250.0,\"2\":null},\"Aloc(sum)\":{\"0\":4423452.0,\"1\":1661352.0,\"2\":null},\"Aloc(sq_sum)\":{\"0\":803677132.0,\"1\":1161800994.0,\"2\":null},\"Aloc(num)\":{\"0\":30644.0,\"1\":2808.0,\"2\":null}}",
  "276801": "{\"dofs\":{\"0\":276801,\"1\":16293,\"2\":1285},\"nnz\":{\"0\":7942939,\"1\":3251747,\"2\":207966},\"nnz(%)\":{\"0\":69.66,\"1\":28.52,\"2\":1.82},\"CR\":{\"0\":16.99,\"1\":12.68,\"2\":null},\"Ratio[v\\/p]\":{\"0\":21.276,\"1\":12.532,\"2\":10.174},\"CR(u_x)\":{\"0\":17.555,\"1\":12.938,\"2\":null},\"CR(u_y)\":{\"0\":17.44,\"1\":12.696,\"2\":null},\"CR(u_z)\":{\"0\":17.569,\"1\":13.062,\"2\":null},\"CR(p)\":{\"0\":10.321,\"1\":10.47,\"2\":null},\"dofs(u_x)\":{\"0\":88125,\"1\":5020,\"2\":388},\"dofs(u_y)\":{\"0\":88125,\"1\":5053,\"2\":398},\"dofs(u_z)\":{\"0\":88125,\"1\":5016,\"2\":384},\"dofs(p)\":{\"0\":12426,\"1\":1204,\"2\":115},\"O(ml)\":{\"0\":1.436,\"1\":null,\"2\":null},\"O(ml(A))\":{\"0\":1.064,\"1\":null,\"2\":null},\"O(u_x)\":{\"0\":1.4538802772,\"1\":null,\"2\":null},\"O(u_y)\":{\"0\":1.4613831733,\"1\":null,\"2\":null},\"O(u_z)\":{\"0\":1.4562455024,\"1\":null,\"2\":null},\"O(p)\":{\"0\":1.3593429534,\"1\":null,\"2\":null},\"eigs(MA)\":{\"0\":[0.2519,1.7636],\"1\":[0.8817,1.6901],\"2\":0.0},\"Aloc(mean)\":{\"0\":125.8514405279,\"1\":484.7774086379,\"2\":null},\"Aloc(std)\":{\"0\":74.8358651213,\"1\":208.693846458,\"2\":null},\"Aloc(min)\":{\"0\":10.0,\"1\":116.0,\"2\":null},\"Aloc(max)\":{\"0\":301.0,\"1\":1193.0,\"2\":null},\"Aloc(sum)\":{\"0\":1563830.0,\"1\":583672.0,\"2\":null},\"Aloc(sq_sum)\":{\"0\":266400912.0,\"1\":335388958.0,\"2\":null},\"Aloc(num)\":{\"0\":12426.0,\"1\":1204.0,\"2\":null}}",