{
  "4145768": "{\"dofs\":{\"0\":4145768,\"1\":290993,\"2\":17267},\"nnz\":{\"0\":173886417,\"1\":76040229,\"2\":9307441},\"nnz(%)\":{\"0\":67.08,\"1\":29.33,\"2\":3.59},\"CR\":{\"0\":14.25,\"1\":16.85,\"2\":null},\"Ratio[v\\/p]\":{\"0\":23.693,\"1\":19.773,\"2\":21.84},\"CR(u_x)\":{\"0\":14.371,\"1\":16.742,\"2\":34.88},\"CR(u_y)\":{\"0\":14.365,\"1\":16.716,\"2\":35.172},\"CR(u_z)\":{\"0\":14.348,\"1\":16.87,\"2\":34.671},\"CR(p)\":{\"0\":11.985,\"1\":18.529,\"2\":null},\"dofs(u_x)\":{\"0\":1325959,\"1\":92266,\"2\":5511},\"dofs(u_y)\":{\"0\":1325959,\"1\":92304,\"2\":5522},\"dofs(u_z)\":{\"0\":1325959,\"1\":92415,\"2\":5478},\"dofs(p)\":{\"0\":167891,\"1\":14008,\"2\":756},\"O(ml)\":{\"0\":1.491,\"1\":null,\"2\":null},\"O(ml(A))\":{\"0\":1.074,\"1\":null,\"2\":null},\"O(u_x)\":{\"0\":1.5327073933,\"1\":null,\"2\":null},\"O(u_y)\":{\"0\":1.5329545712,\"1\":null,\"2\":null},\"O(u_z)\":{\"0\":1.5330445526,\"1\":null,\"2\":null},\"O(p)\":{\"0\":1.3781037807,\"1\":null,\"2\":null},\"eigs(MA)\":{\"0\":0.0,\"1\":0.0,\"2\":0.0},\"Aloc(mean)\":{\"0\":null,\"1\":null,\"2\":null},\"Aloc(std)\":{\"0\":null,\"1\":null,\"2\":null},\"Aloc(min)\":{\"0\":null,\"1\":null,\"2\":null},\"Aloc(max)\":{\"0\":null,\"1\":null,\"2\":null},\"Aloc(sum)\":{\"0\":null,\"1\":null,\"2\":null},\"Aloc(sq_sum)\":{\"0\":null,\"1\":null,\"2\":null},\"Aloc(num)\":{\"0\":null,\"1\":null,\"2\":null}}",
  "1821303": "{\"dofs\":{\"0\":1821303,\"1\":128280,\"2\":7686},\"nnz\":{\"0\":75447351,\"1\":32205655,\"2\":3478339},\"nnz(%)\":{\"0\":67.89,\"1\":28.98,\"2\":3.13},\"CR\":{\"0\":14.2,\"1\":16.69,\"2\":null},\"Ratio[v\\/p]\":{\"0\":23.352,\"1\":19.294,\"2\":20.651},\"CR(u_x)\":{\"0\":14.315,\"1\":16.654,\"2\":32.56},\"CR(u_y)\":{\"0\":14.334,\"1\":16.666,\"2\":31.649},\"CR(u_z)\":{\"0\":14.312,\"1\":16.589,\"2\":null},\"CR(p)\":{\"0\":11.832,\"1\":17.806,\"2\":null},\"dofs(u_x)\":{\"0\":582171,\"1\":40668,\"2\":2442},\"dofs(u_y)\":{\"0\":582171,\"1\":40615,\"2\":2437},\"dofs(u_z)\":{\"0\":582171,\"1\":40676,\"2\":2452},\"dofs(p)\":{\"0\":74790,\"1\":6321,\"2\":355},\"O(ml)\":{\"0\":1.473,\"1\":null,\"2\":null},\"O(ml(A))\":{\"0\":1.075,\"1\":null,\"2\":null},\"O(u_x)\":{\"0\":1.5129697413,\"1\":null,\"2\":null},\"O(u_y)\":{\"0\":1.5114563885,\"1\":null,\"2\":null},\"O(u_z)\":{\"0\":1.5130792676,\"1\":null,\"2\":null},\"O(p)\":{\"0\":1.3667140256,\"1\":null,\"2\":null},\"eigs(MA)\":{\"0\":0.0,\"1\":0.0,\"2\":0.0},\"Aloc(mean)\":{\"0\":null,\"1\":null,\"2\":null},\"Aloc(std)\":{\"0\":null,\"1\":null,\"2\":null},\"Aloc(min)\":{\"0\":null,\"1\":null,\"2\":null},\"Aloc(max)\":{\"0\":null,\"1\":null,\"2\":null},\"Aloc(sum)\":{\"0\":null,\"1\":null,\"2\":null},\"Aloc(sq_sum)\":{\"0\":null,\"1\":null,\"2\":null},\"Aloc(num)\":{\"0\":null,\"1\":null,\"2\":null}}",
  "797014": "{\"dofs\":{\"0\":797014,\"1\":56739,\"2\":3556},\"nnz\":{\"0\":32463850,\"1\":13599495,\"2\":1288120},\"nnz(%)\":{\"0\":68.56,\"1\":28.72,\"2\":2.72},\"CR\":{\"0\":14.05,\"1\":15.96,\"2\":null},\"Ratio[v\\/p]\":{\"0\":22.901,\"1\":18.606,\"2\":19.437},\"CR(u_x)\":{\"0\":14.175,\"1\":16.005,\"2\":null},\"CR(u_y)\":{\"0\":14.187,\"1\":15.851,\"2\":null},\"CR(u_z)\":{\"0\":14.186,\"1\":15.908,\"2\":null},\"CR(p)\":{\"0\":11.522,\"1\":16.632,\"2\":null},\"dofs(u_x)\":{\"0\":254556,\"1\":17958,\"2\":1122},\"dofs(u_y)\":{\"0\":254556,\"1\":17943,\"2\":1132},\"dofs(u_z)\":{\"0\":254556,\"1\":17944,\"2\":1128},\"dofs(p)\":{\"0\":33346,\"1\":2894,\"2\":174},\"O(ml)\":{\"0\":1.459,\"1\":null,\"2\":null},\"O(ml(A))\":{\"0\":1.076,\"1\":null,\"2\":null},\"O(u_x)\":{\"0\":1.4963439376,\"1\":null,\"2\":null},\"O(u_y)\":{\"0\":1.4967731459,\"1\":null,\"2\":null},\"O(u_z)\":{\"0\":1.4964636557,\"1\":null,\"2\":null},\"O(p)\":{\"0\":1.356830879,\"1\":null,\"2\":null},\"eigs(MA)\":{\"0\":0.0,\"1\":0.0,\"2\":0.0},\"Aloc(mean)\":{\"0\":null,\"1\":null,\"2\":null},\"Aloc(std)\":{\"0\":null,\"1\":null,\"2\":null},\"Aloc(min)\":{\"0\":null,\"1\":null,\"2\":null},\"Aloc(max)\":{\"0\":null,\"1\":null,\"2\":null},\"Aloc(sum)\":{\"0\":null,\"1\":null,\"2\":null},\"Aloc(sq_sum)\":{\"0\":null,\"1\":null,\"2\":null},\"Aloc(num)\":{\"0\":null,\"1\":null,\"2\":null}}",
  "338818": "{\"dofs\":{\"0\":338818,\"1\":24267,\"2\":1616},\"nnz\":{\"0\":13489663,\"1\":5383960,\"2\":404382},\"nnz(%)\":{\"0\":69.97,\"1\":27.93,\"2\":2.1},\"CR\":{\"0\":13.96,\"1\":15.02,\"2\":null},\"Ratio[v\\/p]\":{\"0\":22.333,\"1\":17.973,\"2\":20.263},\"CR(u_x)\":{\"0\":14.108,\"1\":14.735,\"2\":null},\"CR(u_y)\":{\"0\":14.105,\"1\":15.116,\"2\":null},\"CR(u_z)\":{\"0\":14.108,\"1\":14.936,\"2\":null},\"CR(p)\":{\"0\":11.353,\"1\":16.829,\"2\":null},\"dofs(u_x)\":{\"0\":108099,\"1\":7662,\"2\":520},\"dofs(u_y)\":{\"0\":108099,\"1\":7664,\"2\":507},\"dofs(u_z)\":{\"0\":108099,\"1\":7662,\"2\":513},\"dofs(p)\":{\"0\":14521,\"1\":1279,\"2\":76},\"O(ml)\":{\"0\":1.429,\"1\":null,\"2\":null},\"O(ml(A))\":{\"0\":1.076,\"1\":null,\"2\":null},\"O(u_x)\":{\"0\":1.4658121145,\"1\":null,\"2\":null},\"O(u_y)\":{\"0\":1.4642367557,\"1\":null,\"2\":null},\"O(u_z)\":{\"0\":1.4650063376,\"1\":null,\"2\":null},\"O(p)\":{\"0\":1.3310689865,\"1\":null,\"2\":null},\"eigs(MA)\":{\"0\":0.0,\"1\":0.0,\"2\":0.0},\"Aloc(mean)\":{\"0\":null,\"1\":null,\"2\":null},\"Aloc(std)\":{\"0\":null,\"1\":null,\"2\":null},\"Aloc(min)\":{\"0\":null,\"1\":null,\"2\":null},\"Aloc(max)\":{\"0\":null,\"1\":null,\"2\":null},\"Aloc(sum)\":{\"0\":null,\"1\":null,\"2\":null},\"Aloc(sq_sum)\":{\"0\":null,\"1\":null,\"2\":null},\"Aloc(num)\":{\"0\":null,\"1\":null,\"2\":null}}",
  "141047": "{\"dofs\":{\"0\":141047,\"1\":10310},\"nnz\":{\"0\":5423419,\"1\":2078249},\"nnz(%)\":{\"0\":72.3,\"1\":27.7},\"CR\":{\"0\":13.68,\"1\":null},\"Ratio[v\\/p]\":{\"0\":21.51,\"1\":16.504},\"CR(u_x)\":{\"0\":13.866,\"1\":14.087},\"CR(u_y)\":{\"0\":13.862,\"1\":14.091},\"CR(u_z)\":{\"0\":13.866,\"1\":14.026},\"CR(p)\":{\"0\":10.638,\"1\":null},\"dofs(u_x)\":{\"0\":44927,\"1\":3240},\"dofs(u_y)\":{\"0\":44927,\"1\":3241},\"dofs(u_z)\":{\"0\":44927,\"1\":3240},\"dofs(p)\":{\"0\":6266,\"1\":589},\"O(ml)\":{\"0\":1.383,\"1\":null},\"O(ml(A))\":{\"0\":1.073,\"1\":null},\"O(u_x)\":{\"0\":1.4331232994,\"1\":null},\"O(u_y)\":{\"0\":1.4332049029,\"1\":null},\"O(u_z)\":{\"0\":1.433283874,\"1\":null},\"O(p)\":{\"0\":1.3130473274,\"1\":null},\"eigs(MA)\":{\"0\":0.0,\"1\":0.0},\"Aloc(mean)\":{\"0\":null,\"1\":null},\"Aloc(std)\":{\"0\":null,\"1\":null},\"Aloc(min)\":{\"0\":null,\"1\":null},\"Aloc(max)\":{\"0\":null,\"1\":null},\"Aloc(sum)\":{\"0\":null,\"1\":null},\"Aloc(sq_sum)\":{\"0\":null,\"1\":null},\"Aloc(num)\":{\"0\":null,\"1\":null}}",
  "55436": "{\"dofs\":{\"0\":55436,\"1\":4137},\"nnz\":{\"0\":2038004,\"1\":718659},\"nnz(%)\":{\"0\":73.93,\"1\":26.07},\"CR\":{\"0\":13.4,\"1\":null},\"Ratio[v\\/p]\":{\"0\":20.57,\"1\":15.417},\"CR(u_x)\":{\"0\":13.608,\"1\":12.822},\"CR(u_y)\":{\"0\":13.608,\"1\":12.822},\"CR(u_z)\":{\"0\":13.608,\"1\":12.822},\"CR(p)\":{\"0\":10.198,\"1\":null},\"dofs(u_x)\":{\"0\":17622,\"1\":1295},\"dofs(u_y)\":{\"0\":17622,\"1\":1295},\"dofs(u_z)\":{\"0\":17622,\"1\":1295},\"dofs(p)\":{\"0\":2570,\"1\":252},\"O(ml)\":{\"0\":1.353,\"1\":null},\"O(ml(A))\":{\"0\":1.075,\"1\":null},\"O(u_x)\":{\"0\":1.3900824429,\"1\":null},\"O(u_y)\":{\"0\":1.3900824429,\"1\":null},\"O(u_z)\":{\"0\":1.3900824429,\"1\":null},\"O(p)\":{\"0\":1.2907510559,\"1\":null},\"eigs(MA)\":{\"0\":0.0,\"1\":0.0},\"Aloc(mean)\":{\"0\":null,\"1\":null},\"Aloc(std)\":{\"0\":null,\"1\":null},\"Aloc(min)\":{\"0\":null,\"1\":null},\"Aloc(max)\":{\"0\":null,\"1\":null},\"Aloc(sum)\":{\"0\":null,\"1\":null},\"Aloc(sq_sum)\":{\"0\":null,\"1\":null},\"Aloc(num)\":{\"0\":null,\"1\":null}}",