{
  "15440602": "{\"dofs\":{\"0\":9929503,\"1\":1722171,\"2\":367527,\"3\":25889,\"4\":2420},\"nnz\":{\"0\":143534505,\"1\":84066932,\"2\":41536836,\"3\":2982292,\"4\":269298},\"nnz(%)\":{\"0\":52.69,\"1\":30.86,\"2\":15.25,\"3\":1.09,\"4\":0.1},\"CR\":{\"0\":5.77,\"1\":4.69,\"2\":14.2,\"3\":10.7,\"4\":null},\"Ratio[v\\/p]\":{\"0\":7.995,\"1\":8.337,\"2\":10.956,\"3\":6.603,\"4\":7.288},\"CR(u_x)\":{\"0\":5.739,\"1\":4.566,\"2\":14.979,\"3\":10.536,\"4\":9.442},\"CR(u_y)\":{\"0\":5.739,\"1\":4.566,\"2\":14.979,\"3\":10.596,\"4\":9.226},\"CR(p)\":{\"0\":5.985,\"1\":6.001,\"2\":9.028,\"3\":11.661,\"4\":null},\"dofs(u_x)\":{\"0\":4412801,\"1\":768860,\"2\":168394,\"3\":11242,\"4\":1067},\"dofs(u_y)\":{\"0\":4412801,\"1\":768860,\"2\":168394,\"3\":11242,\"4\":1061},\"dofs(p)\":{\"0\":1103901,\"1\":184451,\"2\":30739,\"3\":3405,\"4\":292},\"O(ml)\":{\"0\":1.898,\"1\":null,\"2\":null,\"3\":null,\"4\":null},\"O(ml(A))\":{\"0\":1.213,\"1\":null,\"2\":null,\"3\":null,\"4\":null},\"O(u_x)\":{\"0\":1.9946641518,\"1\":null,\"2\":null,\"3\":null,\"4\":null},\"O(u_y)\":{\"0\":1.9946503389,\"1\":null,\"2\":null,\"3\":null,\"4\":null},\"O(p)\":{\"0\":1.8328106722,\"1\":null,\"2\":null,\"3\":null,\"4\":null},\"eigs(MA)\":{\"0\":[{\"imag\":-0.2164,\"real\":0.9286},{\"imag\":0.2164,\"real\":0.9286}],\"1\":[0.4637,1.4726],\"2\":[0.5183,1.4583],\"3\":[0.6369,1.4293],\"4\":[0.0]},\"Aloc(mean)\":{\"0\":38.0739269192,\"1\":126.55127378,\"2\":315.3800383877,\"3\":254.6017621145,\"4\":14.9860471655},\"Aloc(std)\":{\"0\":25.4757014648,\"1\":22.2066802523,\"2\":44.3256921693,\"3\":38.9240157019,\"4\":0.2234695768},\"Aloc(min)\":{\"0\":9,\"1\":15,\"2\":65,\"3\":75,\"4\":8},\"Aloc(max)\":{\"0\":75,\"1\":173,\"2\":383,\"3\":313,\"4\":15},\"Aloc(sum)\":{\"0\":42029846,\"1\":23342509,\"2\":9694467,\"3\":866919,\"4\":33044234},\"Aloc(sq_sum)\":{\"0\":2316685580,\"1\":3044983795,\"2\":3117836347,\"3\":225877949,\"4\":495312564},\"Aloc(num)\":{\"0\":1103901,\"1\":184451,\"2\":30739,\"3\":3405,\"4\":2205000}}",
  "8261634": "{\"dofs\":{\"0\":5313539,\"1\":921627,\"2\":195701,\"3\":13909,\"4\":1297},\"nnz\":{\"0\":76601139,\"1\":44925870,\"2\":21948214,\"3\":1574482,\"4\":133694},\"nnz(%)\":{\"0\":52.76,\"1\":30.94,\"2\":15.12,\"3\":1.08,\"4\":0.09},\"CR\":{\"0\":5.77,\"1\":4.71,\"2\":14.07,\"3\":10.72,\"4\":null},\"Ratio[v\\/p]\":{\"0\":7.993,\"1\":8.327,\"2\":10.928,\"3\":6.563,\"4\":7.368},\"CR(u_x)\":{\"0\":5.74,\"1\":4.589,\"2\":14.855,\"3\":10.569,\"4\":null},\"CR(u_y)\":{\"0\":5.74,\"1\":4.589,\"2\":14.855,\"3\":10.569,\"4\":null},\"CR(p)\":{\"0\":5.979,\"1\":6.023,\"2\":8.922,\"3\":11.865,\"4\":null},\"dofs(u_x)\":{\"0\":2361345,\"1\":411405,\"2\":89647,\"3\":6035,\"4\":571},\"dofs(u_y)\":{\"0\":2361345,\"1\":411405,\"2\":89647,\"3\":6035,\"4\":571},\"dofs(p)\":{\"0\":590849,\"1\":98817,\"2\":16407,\"3\":1839,\"4\":155},\"O(ml)\":{\"0\":1.895,\"1\":null,\"2\":null,\"3\":null,\"4\":null},\"O(ml(A))\":{\"0\":1.213,\"1\":null,\"2\":null,\"3\":null,\"4\":null},\"O(u_x)\":{\"0\":1.989507878,\"1\":null,\"2\":null,\"3\":null,\"4\":null},\"O(u_y)\":{\"0\":1.989507878,\"1\":null,\"2\":null,\"3\":null,\"4\":null},\"O(p)\":{\"0\":1.8270143987,\"1\":null,\"2\":null,\"3\":null,\"4\":null},\"eigs(MA)\":{\"0\":[0.8384,1.0178],\"1\":[0.5478,1.3908],\"2\":[0.5749,1.4008],\"3\":[{\"imag\":-0.1314,\"real\":1.0338},{\"imag\":0.1314,\"real\":1.0338}],\"4\":[0.0]},\"Aloc(mean)\":{\"0\":37.9079240212,\"1\":126.2510600403,\"2\":312.0802706162,\"3\":248.2909189777,\"4\":14.9778934055},\"Aloc(std)\":{\"0\":25.4383430064,\"1\":22.5325130162,\"2\":45.7621702126,\"3\":44.9999296619,\"4\":0.2667388568},\"Aloc(min)\":{\"0\":9,\"1\":15,\"2\":65,\"3\":69,\"4\":8},\"Aloc(max)\":{\"0\":75,\"1\":173,\"2\":375,\"3\":315,\"4\":15},\"Aloc(sum)\":{\"0\":22397859,\"1\":12475751,\"2\":5120301,\"3\":456607,\"4\":17668642},\"Aloc(sq_sum)\":{\"0\":1231400217,\"1\":1625247577,\"2\":1632304071,\"3\":117095335,\"4\":264722968},\"Aloc(num)\":{\"0\":590849,\"1\":98817,\"2\":16407,\"3\":1839,\"4\":1179648}}",
  "2066434": "{\"dofs\":{\"0\":1329667,\"1\":230757,\"2\":48249,\"3\":3488},\"nnz\":{\"0\":19123324,\"1\":11184300,\"2\":5288406,\"3\":365818},\"nnz(%)\":{\"0\":53.18,\"1\":31.1,\"2\":14.71,\"3\":1.02},\"CR\":{\"0\":5.76,\"1\":4.78,\"2\":13.83,\"3\":null},\"Ratio[v\\/p]\":{\"0\":7.986,\"1\":8.292,\"2\":10.691,\"3\":6.616},\"CR(u_x)\":{\"0\":5.739,\"1\":4.667,\"2\":14.562,\"3\":10.1},\"CR(u_y)\":{\"0\":5.739,\"1\":4.667,\"2\":14.562,\"3\":9.902},\"CR(p)\":{\"0\":5.959,\"1\":6.017,\"2\":9.011,\"3\":null},\"dofs(u_x)\":{\"0\":590849,\"1\":102962,\"2\":22061,\"3\":1515},\"dofs(u_y)\":{\"0\":590849,\"1\":102962,\"2\":22061,\"3\":1515},\"dofs(p)\":{\"0\":147969,\"1\":24833,\"2\":4127,\"3\":458},\"O(ml)\":{\"0\":1.881,\"1\":null,\"2\":null,\"3\":null},\"O(ml(A))\":{\"0\":1.212,\"1\":null,\"2\":null,\"3\":null},\"O(u_x)\":{\"0\":1.973029297,\"1\":null,\"2\":null,\"3\":null},\"O(u_y)\":{\"0\":1.9730353679,\"1\":null,\"2\":null,\"3\":null},\"O(p)\":{\"0\":1.8162526155,\"1\":null,\"2\":null,\"3\":null},\"eigs(MA)\":{\"0\":[{\"imag\":-0.1143,\"real\":0.9285},{\"imag\":0.1143,\"real\":0.9285}],\"1\":[0.4954,1.4495],\"2\":[0.5586,1.4255],\"3\":[0.0]},\"Aloc(mean)\":{\"0\":37.7895302394,\"1\":125.0856924254,\"2\":299.9953961716,\"3\":14.9567125109},\"Aloc(std)\":{\"0\":25.3767263646,\"1\":23.5778057544,\"2\":53.7879577009,\"3\":0.3748887273},\"Aloc(min)\":{\"0\":9,\"1\":15,\"2\":65,\"3\":8},\"Aloc(max)\":{\"0\":75,\"1\":173,\"2\":385,\"3\":15},\"Aloc(sum)\":{\"0\":5591679,\"1\":3106253,\"2\":1238081,\"3\":4410914},\"Aloc(sq_sum)\":{\"0\":306595739,\"1\":402352793,\"2\":383358607,\"3\":66014220},\"Aloc(num)\":{\"0\":147969,\"1\":24833,\"2\":4127,\"3\":294912}}",
  "517122": "{\"dofs\":{\"0\":333059,\"1\":58361,\"2\":11784,\"3\":900},\"nnz\":{\"0\":4767289,\"1\":2806760,\"2\":1232686,\"3\":81798},\"nnz(%)\":{\"0\":53.63,\"1\":31.58,\"2\":13.87,\"3\":0.92},\"CR\":{\"0\":5.71,\"1\":4.95,\"2\":13.09,\"3\":null},\"Ratio[v\\/p]\":{\"0\":7.972,\"1\":8.304,\"2\":10.397,\"3\":6.627},\"CR(u_x)\":{\"0\":5.682,\"1\":4.845,\"2\":13.747,\"3\":null},\"CR(u_y)\":{\"0\":5.682,\"1\":4.845,\"2\":13.747,\"3\":null},\"CR(p)\":{\"0\":5.918,\"1\":6.067,\"2\":8.763,\"3\":null},\"dofs(u_x)\":{\"0\":147969,\"1\":26044,\"2\":5375,\"3\":391},\"dofs(u_y)\":{\"0\":147969,\"1\":26044,\"2\":5375,\"3\":391},\"dofs(p)\":{\"0\":37121,\"1\":6273,\"2\":1034,\"3\":118},\"O(ml)\":{\"0\":1.864,\"1\":null,\"2\":null,\"3\":null},\"O(ml(A))\":{\"0\":1.213,\"1\":null,\"2\":null,\"3\":null},\"O(u_x)\":{\"0\":1.9527719859,\"1\":null,\"2\":null,\"3\":null},\"O(u_y)\":{\"0\":1.9527719859,\"1\":null,\"2\":null,\"3\":null},\"O(p)\":{\"0\":1.7931047806,\"1\":null,\"2\":null,\"3\":null},\"eigs(MA)\":{\"0\":[{\"imag\":-0.3655,\"real\":0.9256},{\"imag\":0.3655,\"real\":0.9256}],\"1\":[0.448,1.4812],\"2\":[0.6587,1.3618],\"3\":[0.0]},\"Aloc(mean)\":{\"0\":37.5526790765,\"1\":124.0549976088,\"2\":279.502901354,\"3\":14.9150526259},\"Aloc(std)\":{\"0\":25.2563587463,\"1\":26.1703637064,\"2\":61.4856251485,\"3\":0.5268271595},\"Aloc(min)\":{\"0\":9,\"1\":15,\"2\":65,\"3\":8},\"Aloc(max)\":{\"0\":75,\"1\":171,\"2\":385,\"3\":15},\"Aloc(sum)\":{\"0\":1393993,\"1\":778197,\"2\":289006,\"3\":1099657},\"Aloc(sq_sum)\":{\"0\":76027051,\"1\":100835529,\"2\":84687034,\"3\":16421905},\"Aloc(num)\":{\"0\":37121,\"1\":6273,\"2\":1034,\"3\":73728}}",