{
  "10466408": "{\"dofs\":{\"0\":6731572,\"1\":1129321,\"2\":214375,\"3\":16581,\"4\":1568},\"nnz\":{\"0\":98493268,\"1\":53857038,\"2\":21133564,\"3\":1727533,\"4\":157491},\"nnz(%)\":{\"0\":56.16,\"1\":30.71,\"2\":12.05,\"3\":0.99,\"4\":0.09},\"CR\":{\"0\":5.96,\"1\":5.27,\"2\":12.93,\"3\":10.57,\"4\":null},\"Ratio[v\\/p]\":{\"0\":7.993,\"1\":8.303,\"2\":12.553,\"3\":8.464,\"4\":7.663},\"CR(u_x)\":{\"0\":5.936,\"1\":5.076,\"2\":13.389,\"3\":10.731,\"4\":9.092},\"CR(u_y)\":{\"0\":5.936,\"1\":5.076,\"2\":13.39,\"3\":10.652,\"4\":9.28},\"CR(p)\":{\"0\":6.166,\"1\":7.675,\"2\":9.028,\"3\":9.68,\"4\":null},\"dofs(u_x)\":{\"0\":2991520,\"1\":503965,\"2\":99282,\"3\":7415,\"4\":691},\"dofs(u_y)\":{\"0\":2991520,\"1\":503965,\"2\":99276,\"3\":7414,\"4\":696},\"dofs(p)\":{\"0\":748532,\"1\":121391,\"2\":15817,\"3\":1752,\"4\":181},\"O(ml)\":{\"0\":1.781,\"1\":null,\"2\":null,\"3\":null,\"4\":null},\"O(ml(A))\":{\"0\":1.202,\"1\":null,\"2\":null,\"3\":null,\"4\":null},\"O(u_x)\":{\"0\":1.8874871088,\"1\":null,\"2\":null,\"3\":null,\"4\":null},\"O(u_y)\":{\"0\":1.887512908,\"1\":null,\"2\":null,\"3\":null,\"4\":null},\"O(p)\":{\"0\":1.7087166549,\"1\":null,\"2\":null,\"3\":null,\"4\":null},\"eigs(MA)\":{\"0\":0.0,\"1\":0.0,\"2\":0.0,\"3\":0.0,\"4\":[0.0]},\"Aloc(mean)\":{\"0\":null,\"1\":null,\"2\":null,\"3\":null,\"4\":14.9800315299},\"Aloc(std)\":{\"0\":null,\"1\":null,\"2\":null,\"3\":null,\"4\":0.272869805},\"Aloc(min)\":{\"0\":null,\"1\":null,\"2\":null,\"3\":null,\"4\":8.0},\"Aloc(max)\":{\"0\":null,\"1\":null,\"2\":null,\"3\":null,\"4\":15.0},\"Aloc(sum)\":{\"0\":null,\"1\":null,\"2\":null,\"3\":null,\"4\":22386998.0},\"Aloc(sq_sum)\":{\"0\":null,\"1\":null,\"2\":null,\"3\":null,\"4\":335469210.0},\"Aloc(num)\":{\"0\":null,\"1\":null,\"2\":null,\"3\":null,\"4\":1494456.0}}",
  "4751234": "{\"dofs\":{\"0\":3056497,\"1\":513669,\"2\":98700,\"3\":7650,\"4\":743},\"nnz\":{\"0\":44670230,\"1\":24436898,\"2\":9769202,\"3\":772261,\"4\":65499},\"nnz(%)\":{\"0\":56.04,\"1\":30.66,\"2\":12.26,\"3\":0.97,\"4\":0.08},\"CR\":{\"0\":5.95,\"1\":5.2,\"2\":12.9,\"3\":10.3,\"4\":null},\"Ratio[v\\/p]\":{\"0\":7.99,\"1\":8.328,\"2\":12.629,\"3\":8.574,\"4\":7.443},\"CR(u_x)\":{\"0\":5.923,\"1\":5.014,\"2\":13.352,\"3\":10.474,\"4\":null},\"CR(u_y)\":{\"0\":5.923,\"1\":5.014,\"2\":13.348,\"3\":10.445,\"4\":null},\"CR(p)\":{\"0\":6.174,\"1\":7.604,\"2\":9.064,\"3\":9.08,\"4\":null},\"dofs(u_x)\":{\"0\":1358248,\"1\":229301,\"2\":45729,\"3\":3425,\"4\":327},\"dofs(u_y)\":{\"0\":1358248,\"1\":229301,\"2\":45729,\"3\":3426,\"4\":328},\"dofs(p)\":{\"0\":340001,\"1\":55067,\"2\":7242,\"3\":799,\"4\":88},\"O(ml)\":{\"0\":1.785,\"1\":null,\"2\":null,\"3\":null,\"4\":null},\"O(ml(A))\":{\"0\":1.203,\"1\":null,\"2\":null,\"3\":null,\"4\":null},\"O(u_x)\":{\"0\":1.8965846091,\"1\":null,\"2\":null,\"3\":null,\"4\":null},\"O(u_y)\":{\"0\":1.8966228147,\"1\":null,\"2\":null,\"3\":null,\"4\":null},\"O(p)\":{\"0\":1.703603416,\"1\":null,\"2\":null,\"3\":null,\"4\":null},\"eigs(MA)\":{\"0\":0.0,\"1\":0.0,\"2\":0.0,\"3\":0.0,\"4\":[0.0]},\"Aloc(mean)\":{\"0\":null,\"1\":null,\"2\":null,\"3\":null,\"4\":14.9703588374},\"Aloc(std)\":{\"0\":null,\"1\":null,\"2\":null,\"3\":null,\"4\":0.3322421803},\"Aloc(min)\":{\"0\":null,\"1\":null,\"2\":null,\"3\":null,\"4\":8.0},\"Aloc(max)\":{\"0\":null,\"1\":null,\"2\":null,\"3\":null,\"4\":15.0},\"Aloc(sum)\":{\"0\":null,\"1\":null,\"2\":null,\"3\":null,\"4\":10153586.0},\"Aloc(sq_sum)\":{\"0\":null,\"1\":null,\"2\":null,\"3\":null,\"4\":152077694.0},\"Aloc(num)\":{\"0\":null,\"1\":null,\"2\":null,\"3\":null,\"4\":678246.0}}",
  "2164780": "{\"dofs\":{\"0\":1393082,\"1\":235222,\"2\":44030,\"3\":3478},\"nnz\":{\"0\":20324467,\"1\":11168884,\"2\":4288033,\"3\":334166},\"nnz(%)\":{\"0\":56.28,\"1\":30.93,\"2\":11.87,\"3\":0.93},\"CR\":{\"0\":5.92,\"1\":5.34,\"2\":12.66,\"3\":null},\"Ratio[v\\/p]\":{\"0\":7.985,\"1\":8.365,\"2\":11.878,\"3\":8.25},\"CR(u_x)\":{\"0\":5.892,\"1\":5.173,\"2\":13.094,\"3\":10.137},\"CR(u_y)\":{\"0\":5.892,\"1\":5.174,\"2\":13.09,\"3\":10.204},\"CR(p)\":{\"0\":6.173,\"1\":7.347,\"2\":9.093,\"3\":null},\"dofs(u_x)\":{\"0\":619016,\"1\":105052,\"2\":20309,\"3\":1551},\"dofs(u_y)\":{\"0\":619016,\"1\":105052,\"2\":20302,\"3\":1551},\"dofs(p)\":{\"0\":155050,\"1\":25118,\"2\":3419,\"3\":376},\"O(ml)\":{\"0\":1.777,\"1\":null,\"2\":null,\"3\":null},\"O(ml(A))\":{\"0\":1.203,\"1\":null,\"2\":null,\"3\":null},\"O(u_x)\":{\"0\":1.8836820633,\"1\":null,\"2\":null,\"3\":null},\"O(u_y)\":{\"0\":1.8836041244,\"1\":null,\"2\":null,\"3\":null},\"O(p)\":{\"0\":1.7022563625,\"1\":null,\"2\":null,\"3\":null},\"eigs(MA)\":{\"0\":0.0,\"1\":0.0,\"2\":0.0,\"3\":[0.0]},\"Aloc(mean)\":{\"0\":null,\"1\":null,\"2\":null,\"3\":14.956127232},\"Aloc(std)\":{\"0\":null,\"1\":null,\"2\":null,\"3\":0.403552478},\"Aloc(min)\":{\"0\":null,\"1\":null,\"2\":null,\"3\":8.0},\"Aloc(max)\":{\"0\":null,\"1\":null,\"2\":null,\"3\":15.0},\"Aloc(sum)\":{\"0\":null,\"1\":null,\"2\":null,\"3\":4620187.0},\"Aloc(sq_sum)\":{\"0\":null,\"1\":null,\"2\":null,\"3\":69150413.0},\"Aloc(num)\":{\"0\":null,\"1\":null,\"2\":null,\"3\":308916.0}}",
  "981872": "{\"dofs\":{\"0\":632170,\"1\":107150,\"2\":19820,\"3\":1578},\"nnz\":{\"0\":9200573,\"1\":5068818,\"2\":1879182,\"3\":139011},\"nnz(%)\":{\"0\":56.49,\"1\":31.12,\"2\":11.54,\"3\":0.85},\"CR\":{\"0\":5.9,\"1\":5.41,\"2\":12.56,\"3\":null},\"Ratio[v\\/p]\":{\"0\":7.977,\"1\":8.37,\"2\":11.787,\"3\":7.816},\"CR(u_x)\":{\"0\":5.869,\"1\":5.239,\"2\":13.105,\"3\":null},\"CR(u_y)\":{\"0\":5.869,\"1\":5.238,\"2\":13.014,\"3\":null},\"CR(p)\":{\"0\":6.158,\"1\":7.378,\"2\":8.659,\"3\":null},\"dofs(u_x)\":{\"0\":280876,\"1\":47857,\"2\":9134,\"3\":697},\"dofs(u_y)\":{\"0\":280876,\"1\":47857,\"2\":9136,\"3\":702},\"dofs(p)\":{\"0\":70418,\"1\":11436,\"2\":1550,\"3\":179},\"O(ml)\":{\"0\":1.77,\"1\":null,\"2\":null,\"3\":null},\"O(ml(A))\":{\"0\":1.203,\"1\":null,\"2\":null,\"3\":null},\"O(u_x)\":{\"0\":1.8749636141,\"1\":null,\"2\":null,\"3\":null},\"O(u_y)\":{\"0\":1.875207041,\"1\":null,\"2\":null,\"3\":null},\"O(p)\":{\"0\":1.6899115469,\"1\":null,\"2\":null,\"3\":null},\"eigs(MA)\":{\"0\":0.0,\"1\":0.0,\"2\":0.0,\"3\":[0.0]},\"Aloc(mean)\":{\"0\":null,\"1\":null,\"2\":null,\"3\":14.9347972008},\"Aloc(std)\":{\"0\":null,\"1\":null,\"2\":null,\"3\":0.4902187607},\"Aloc(min)\":{\"0\":null,\"1\":null,\"2\":null,\"3\":8.0},\"Aloc(max)\":{\"0\":null,\"1\":null,\"2\":null,\"3\":15.0},\"Aloc(sum)\":{\"0\":null,\"1\":null,\"2\":null,\"3\":2091469.0},\"Aloc(sq_sum)\":{\"0\":null,\"1\":null,\"2\":null,\"3\":31269319.0},\"Aloc(num)\":{\"0\":null,\"1\":null,\"2\":null,\"3\":140040.0}}",