{
  "4145768": "{\"dofs\":{\"0\":4145768,\"1\":319069,\"2\":16650},\"nnz\":{\"0\":121192798,\"1\":40236135,\"2\":4664671},\"nnz(%)\":{\"0\":72.97,\"1\":24.22,\"2\":2.81},\"CR\":{\"0\":12.99,\"1\":19.16,\"2\":null},\"Ratio[v\\/p]\":{\"0\":23.693,\"1\":21.778,\"2\":21.053},\"CR(u_x)\":{\"0\":13.04,\"1\":19.273,\"2\":31.219},\"CR(u_y)\":{\"0\":13.045,\"1\":19.207,\"2\":31.88},\"CR(u_z)\":{\"0\":13.033,\"1\":19.098,\"2\":31.521},\"CR(p)\":{\"0\":11.985,\"1\":18.554,\"2\":null},\"dofs(u_x)\":{\"0\":1325959,\"1\":101682,\"2\":5276},\"dofs(u_y)\":{\"0\":1325959,\"1\":101644,\"2\":5292},\"dofs(u_z)\":{\"0\":1325959,\"1\":101735,\"2\":5327},\"dofs(p)\":{\"0\":167891,\"1\":14008,\"2\":755},\"O(ml)\":{\"0\":1.37,\"1\":null,\"2\":null},\"O(ml(A))\":{\"0\":1.081,\"1\":null,\"2\":null},\"O(u_x)\":{\"0\":1.4167411742,\"1\":null,\"2\":null},\"O(u_y)\":{\"0\":1.4167145505,\"1\":null,\"2\":null},\"O(u_z)\":{\"0\":1.4175048348,\"1\":null,\"2\":null},\"O(p)\":{\"0\":1.3780647312,\"1\":null,\"2\":null},\"eigs(MA)\":{\"0\":[0.0628,1.185],\"1\":[0.1396,1.5049],\"2\":[0.0675,1.234]},\"Aloc(mean)\":{\"0\":189.1057650499,\"1\":671.8006853227,\"2\":189.2027208129},\"Aloc(std)\":{\"0\":46.3905159929,\"1\":185.0122361384,\"2\":46.4120692005},\"Aloc(min)\":{\"0\":20,\"1\":121,\"2\":22},\"Aloc(max)\":{\"0\":331,\"1\":1084,\"2\":331},\"Aloc(sum)\":{\"0\":31749156,\"1\":9410584,\"2\":31765434},\"Aloc(sq_sum)\":{\"0\":6365263294,\"1\":6801524002,\"2\":6371757214},\"Aloc(num)\":{\"0\":167891,\"1\":14008,\"2\":167891}}",
  "1821303": "{\"dofs\":{\"0\":1821303,\"1\":140539,\"2\":7695},\"nnz\":{\"0\":52660030,\"1\":17203524,\"2\":1920924},\"nnz(%)\":{\"0\":73.36,\"1\":23.97,\"2\":2.68},\"CR\":{\"0\":12.96,\"1\":18.26,\"2\":null},\"Ratio[v\\/p]\":{\"0\":23.352,\"1\":21.234,\"2\":20.676},\"CR(u_x)\":{\"0\":13.013,\"1\":18.253,\"2\":31.025},\"CR(u_y)\":{\"0\":13.012,\"1\":18.359,\"2\":32.066},\"CR(u_z)\":{\"0\":13.013,\"1\":18.246,\"2\":31.844},\"CR(p)\":{\"0\":11.832,\"1\":17.806,\"2\":null},\"dofs(u_x)\":{\"0\":582171,\"1\":44739,\"2\":2451},\"dofs(u_y)\":{\"0\":582171,\"1\":44740,\"2\":2437},\"dofs(u_z)\":{\"0\":582171,\"1\":44739,\"2\":2452},\"dofs(p)\":{\"0\":74790,\"1\":6321,\"2\":355},\"O(ml)\":{\"0\":1.363,\"1\":null,\"2\":null},\"O(ml(A))\":{\"0\":1.081,\"1\":null,\"2\":null},\"O(u_x)\":{\"0\":1.4095282583,\"1\":null,\"2\":null},\"O(u_y)\":{\"0\":1.4092762377,\"1\":null,\"2\":null},\"O(u_z)\":{\"0\":1.409537191,\"1\":null,\"2\":null},\"O(p)\":{\"0\":1.3666993406,\"1\":null,\"2\":null},\"eigs(MA)\":{\"0\":[0.0656,1.1764],\"1\":[0.1677,1.6208],\"2\":[0.0702,1.2279]},\"Aloc(mean)\":{\"0\":184.6593528547,\"1\":636.9528555608,\"2\":184.7510629763},\"Aloc(std)\":{\"0\":49.8220980474,\"1\":195.4008993376,\"2\":49.8489990617},\"Aloc(min)\":{\"0\":20,\"1\":115,\"2\":22},\"Aloc(max)\":{\"0\":316,\"1\":1039,\"2\":316},\"Aloc(sum)\":{\"0\":13810673,\"1\":4026179,\"2\":13817532},\"Aloc(sq_sum)\":{\"0\":2735916777,\"1\":2805831545,\"2\":2738651094},\"Aloc(num)\":{\"0\":74790,\"1\":6321,\"2\":74790}}",
  "797014": "{\"dofs\":{\"0\":797014,\"1\":61974,\"2\":3564},\"nnz\":{\"0\":22702853,\"1\":7319308,\"2\":762392},\"nnz(%)\":{\"0\":73.75,\"1\":23.78,\"2\":2.48},\"CR\":{\"0\":12.86,\"1\":17.39,\"2\":null},\"Ratio[v\\/p]\":{\"0\":22.901,\"1\":20.415,\"2\":19.483},\"CR(u_x)\":{\"0\":12.925,\"1\":17.398,\"2\":null},\"CR(u_y)\":{\"0\":12.925,\"1\":17.398,\"2\":null},\"CR(u_z)\":{\"0\":12.928,\"1\":17.487,\"2\":null},\"CR(p)\":{\"0\":11.522,\"1\":16.632,\"2\":null},\"dofs(u_x)\":{\"0\":254556,\"1\":19695,\"2\":1132},\"dofs(u_y)\":{\"0\":254556,\"1\":19695,\"2\":1132},\"dofs(u_z)\":{\"0\":254556,\"1\":19690,\"2\":1126},\"dofs(p)\":{\"0\":33346,\"1\":2894,\"2\":174},\"O(ml)\":{\"0\":1.356,\"1\":null,\"2\":null},\"O(ml(A))\":{\"0\":1.082,\"1\":null,\"2\":null},\"O(u_x)\":{\"0\":1.4018996044,\"1\":null,\"2\":null},\"O(u_y)\":{\"0\":1.4018968378,\"1\":null,\"2\":null},\"O(u_z)\":{\"0\":1.4015407761,\"1\":null,\"2\":null},\"O(p)\":{\"0\":1.356830879,\"1\":null,\"2\":null},\"eigs(MA)\":{\"0\":[0.0727,1.1813],\"1\":[0.2042,1.782],\"2\":[0.0776,1.2404]},\"Aloc(mean)\":{\"0\":178.8203082829,\"1\":592.7328956462,\"2\":178.9102740958},\"Aloc(std)\":{\"0\":53.6873950829,\"1\":204.4795528548,\"2\":53.7219388002},\"Aloc(min)\":{\"0\":23,\"1\":97,\"2\":25},\"Aloc(max)\":{\"0\":376,\"1\":1036,\"2\":376},\"Aloc(sum)\":{\"0\":5962942,\"1\":1715369,\"2\":5965942},\"Aloc(sq_sum)\":{\"0\":1162409516,\"1\":1137759237,\"2\":1163606432},\"Aloc(num)\":{\"0\":33346,\"1\":2894,\"2\":33346}}",
  "338818": "{\"dofs\":{\"0\":338818,\"1\":26392,\"2\":1586},\"nnz\":{\"0\":9459341,\"1\":2940487,\"2\":257070},\"nnz(%)\":{\"0\":74.74,\"1\":23.23,\"2\":2.03},\"CR\":{\"0\":12.84,\"1\":16.64,\"2\":null},\"Ratio[v\\/p]\":{\"0\":22.333,\"1\":19.635,\"2\":19.868},\"CR(u_x)\":{\"0\":12.914,\"1\":16.742,\"2\":null},\"CR(u_y)\":{\"0\":12.914,\"1\":16.511,\"2\":null},\"CR(u_z)\":{\"0\":12.914,\"1\":16.642,\"2\":null},\"CR(p)\":{\"0\":11.353,\"1\":16.829,\"2\":null},\"dofs(u_x)\":{\"0\":108099,\"1\":8371,\"2\":500},\"dofs(u_y)\":{\"0\":108099,\"1\":8371,\"2\":507},\"dofs(u_z)\":{\"0\":108099,\"1\":8371,\"2\":503},\"dofs(p)\":{\"0\":14521,\"1\":1279,\"2\":76},\"O(ml)\":{\"0\":1.338,\"1\":null,\"2\":null},\"O(ml(A))\":{\"0\":1.083,\"1\":null,\"2\":null},\"O(u_x)\":{\"0\":1.3837075082,\"1\":null,\"2\":null},\"O(u_y)\":{\"0\":1.3843641577,\"1\":null,\"2\":null},\"O(u_z)\":{\"0\":1.3839450197,\"1\":null,\"2\":null},\"O(p)\":{\"0\":1.3310789034,\"1\":null,\"2\":null},\"eigs(MA)\":{\"0\":[0.0869,1.2115],\"1\":[0.2569,2.0205],\"2\":[0.0917,1.2808]},\"Aloc(mean)\":{\"0\":171.4483850974,\"1\":538.5410476935,\"2\":171.5282694029},\"Aloc(std)\":{\"0\":57.112568102,\"1\":199.0866038602,\"2\":57.1516639748},\"Aloc(min)\":{\"0\":20,\"1\":118,\"2\":22},\"Aloc(max)\":{\"0\":361,\"1\":1045,\"2\":361},\"Aloc(sum)\":{\"0\":2489602,\"1\":688794,\"2\":2490762},\"Aloc(sq_sum)\":{\"0\":474203500,\"1\":421637616,\"2\":474666222},\"Aloc(num)\":{\"0\":14521,\"1\":1279,\"2\":14521}}",
  "141047": "{\"dofs\":{\"0\":141047,\"1\":11230},\"nnz\":{\"0\":3818417,\"1\":1165495},\"nnz(%)\":{\"0\":76.61,\"1\":23.39},\"CR\":{\"0\":12.56,\"1\":null},\"Ratio[v\\/p]\":{\"0\":21.51,\"1\":18.066},\"CR(u_x)\":{\"0\":12.666,\"1\":16.575},\"CR(u_y)\":{\"0\":12.666,\"1\":16.575},\"CR(u_z)\":{\"0\":12.666,\"1\":16.575},\"CR(p)\":{\"0\":10.638,\"1\":null},\"dofs(u_x)\":{\"0\":44927,\"1\":3547},\"dofs(u_y)\":{\"0\":44927,\"1\":3547},\"dofs(u_z)\":{\"0\":44927,\"1\":3547},\"dofs(p)\":{\"0\":6266,\"1\":589},\"O(ml)\":{\"0\":1.305,\"1\":null},\"O(ml(A))\":{\"0\":1.08,\"1\":null},\"O(u_x)\":{\"0\":1.3672517733,\"1\":null},\"O(u_y)\":{\"0\":1.3672517733,\"1\":null},\"O(u_z)\":{\"0\":1.3672517733,\"1\":null},\"O(p)\":{\"0\":1.3130473274,\"1\":null},\"eigs(MA)\":{\"0\":[0.109,1.2723],\"1\":[0.1113,1.3433]},\"Aloc(mean)\":{\"0\":160.8728056176,\"1\":160.9468560485},\"Aloc(std)\":{\"0\":61.2227513548,\"1\":61.2648039694},\"Aloc(min)\":{\"0\":22,\"1\":25},\"Aloc(max)\":{\"0\":346,\"1\":346},\"Aloc(sum)\":{\"0\":1008029,\"1\":1008493},\"Aloc(sq_sum)\":{\"0\":185650833,\"1\":185832433},\"Aloc(num)\":{\"0\":6266,\"1\":6266}}",