{
  "4328003": "{\"dofs\":{\"0\":4328003,\"1\":722757,\"2\":81454,\"3\":9778,\"4\":869},\"nnz\":{\"0\":79108562,\"1\":35946234,\"2\":5848236,\"3\":929488,\"4\":72882},\"nnz(%)\":{\"0\":64.89,\"1\":29.49,\"2\":4.8,\"3\":0.76,\"4\":0.06},\"CR\":{\"0\":5.99,\"1\":8.87,\"2\":8.33,\"3\":11.25,\"4\":null},\"Ratio[v\\/p]\":{\"0\":7.987,\"1\":7.905,\"2\":7.783,\"3\":11.132,\"4\":8.549},\"CR(u_x)\":{\"0\":5.995,\"1\":8.889,\"2\":8.045,\"3\":11.532,\"4\":null},\"CR(u_y)\":{\"0\":5.995,\"1\":8.889,\"2\":8.045,\"3\":11.532,\"4\":null},\"CR(p)\":{\"0\":5.934,\"1\":8.751,\"2\":11.506,\"3\":8.857,\"4\":null},\"dofs(u_x)\":{\"0\":1923201,\"1\":320799,\"2\":36090,\"3\":4486,\"4\":389},\"dofs(u_y)\":{\"0\":1923201,\"1\":320799,\"2\":36090,\"3\":4486,\"4\":389},\"dofs(p)\":{\"0\":481601,\"1\":81159,\"2\":9274,\"3\":806,\"4\":91},\"O(ml)\":{\"0\":1.541,\"1\":null,\"2\":null,\"3\":null,\"4\":null},\"O(ml(A))\":{\"0\":1.188,\"1\":null,\"2\":null,\"3\":null,\"4\":null},\"O(u_x)\":{\"0\":1.600753379,\"1\":null,\"2\":null,\"3\":null,\"4\":null},\"O(u_y)\":{\"0\":1.6007535623,\"1\":null,\"2\":null,\"3\":null,\"4\":null},\"O(p)\":{\"0\":1.3688499538,\"1\":null,\"2\":null,\"3\":null,\"4\":null},\"eigs(MA)\":{\"0\":0.0,\"1\":0.0,\"2\":0.0,\"3\":0.0,\"4\":0.0},\"Aloc(mean)\":{\"0\":null,\"1\":null,\"2\":null,\"3\":null,\"4\":null},\"Aloc(std)\":{\"0\":null,\"1\":null,\"2\":null,\"3\":null,\"4\":null},\"Aloc(min)\":{\"0\":null,\"1\":null,\"2\":null,\"3\":null,\"4\":null},\"Aloc(max)\":{\"0\":null,\"1\":null,\"2\":null,\"3\":null,\"4\":null},\"Aloc(sum)\":{\"0\":null,\"1\":null,\"2\":null,\"3\":null,\"4\":null},\"Aloc(sq_sum)\":{\"0\":null,\"1\":null,\"2\":null,\"3\":null,\"4\":null},\"Aloc(num)\":{\"0\":null,\"1\":null,\"2\":null,\"3\":null,\"4\":null}}",
  "3314503": "{\"dofs\":{\"0\":3314503,\"1\":553745,\"2\":62102,\"3\":7408,\"4\":694},\"nnz\":{\"0\":60418378,\"1\":26813082,\"2\":4335660,\"3\":689608,\"4\":56626},\"nnz(%)\":{\"0\":65.45,\"1\":29.05,\"2\":4.7,\"3\":0.75,\"4\":0.06},\"CR\":{\"0\":5.99,\"1\":8.92,\"2\":8.38,\"3\":10.67,\"4\":null},\"Ratio[v\\/p]\":{\"0\":7.985,\"1\":7.881,\"2\":7.774,\"3\":9.959,\"4\":8.639},\"CR(u_x)\":{\"0\":5.994,\"1\":8.931,\"2\":8.173,\"3\":10.823,\"4\":null},\"CR(u_y)\":{\"0\":5.994,\"1\":8.931,\"2\":8.173,\"3\":10.823,\"4\":null},\"CR(p)\":{\"0\":5.917,\"1\":8.809,\"2\":10.47,\"3\":9.389,\"4\":null},\"dofs(u_x)\":{\"0\":1472801,\"1\":245698,\"2\":27512,\"3\":3366,\"4\":311},\"dofs(u_y)\":{\"0\":1472801,\"1\":245698,\"2\":27512,\"3\":3366,\"4\":311},\"dofs(p)\":{\"0\":368901,\"1\":62349,\"2\":7078,\"3\":676,\"4\":72},\"O(ml)\":{\"0\":1.528,\"1\":null,\"2\":null,\"3\":null,\"4\":null},\"O(ml(A))\":{\"0\":1.188,\"1\":null,\"2\":null,\"3\":null,\"4\":null},\"O(u_x)\":{\"0\":1.5808256396,\"1\":null,\"2\":null,\"3\":null,\"4\":null},\"O(u_y)\":{\"0\":1.5808284055,\"1\":null,\"2\":null,\"3\":null,\"4\":null},\"O(p)\":{\"0\":1.3720341923,\"1\":null,\"2\":null,\"3\":null,\"4\":null},\"eigs(MA)\":{\"0\":0.0,\"1\":0.0,\"2\":0.0,\"3\":0.0,\"4\":0.0},\"Aloc(mean)\":{\"0\":null,\"1\":null,\"2\":null,\"3\":null,\"4\":null},\"Aloc(std)\":{\"0\":null,\"1\":null,\"2\":null,\"3\":null,\"4\":null},\"Aloc(min)\":{\"0\":null,\"1\":null,\"2\":null,\"3\":null,\"4\":null},\"Aloc(max)\":{\"0\":null,\"1\":null,\"2\":null,\"3\":null,\"4\":null},\"Aloc(sum)\":{\"0\":null,\"1\":null,\"2\":null,\"3\":null,\"4\":null},\"Aloc(sq_sum)\":{\"0\":null,\"1\":null,\"2\":null,\"3\":null,\"4\":null},\"Aloc(num)\":{\"0\":null,\"1\":null,\"2\":null,\"3\":null,\"4\":null}}",
  "1774595": "{\"dofs\":{\"0\":1774595,\"1\":296673,\"2\":33696,\"3\":4026},\"nnz\":{\"0\":32153826,\"1\":14716551,\"2\":2388756,\"3\":365620},\"nnz(%)\":{\"0\":64.79,\"1\":29.66,\"2\":4.81,\"3\":0.74},\"CR\":{\"0\":5.98,\"1\":8.8,\"2\":8.37,\"3\":null},\"Ratio[v\\/p]\":{\"0\":7.979,\"1\":7.854,\"2\":7.748,\"3\":10.636},\"CR(u_x)\":{\"0\":5.992,\"1\":8.818,\"2\":8.11,\"3\":10.952},\"CR(u_y)\":{\"0\":5.992,\"1\":8.818,\"2\":8.11,\"3\":10.952},\"CR(p)\":{\"0\":5.898,\"1\":8.699,\"2\":11.133,\"3\":null},\"dofs(u_x)\":{\"0\":788481,\"1\":131583,\"2\":14922,\"3\":1840},\"dofs(u_y)\":{\"0\":788481,\"1\":131583,\"2\":14922,\"3\":1840},\"dofs(p)\":{\"0\":197633,\"1\":33507,\"2\":3852,\"3\":346},\"O(ml)\":{\"0\":1.543,\"1\":null,\"2\":null,\"3\":null},\"O(ml(A))\":{\"0\":1.188,\"1\":null,\"2\":null,\"3\":null},\"O(u_x)\":{\"0\":1.6070763317,\"1\":null,\"2\":null,\"3\":null},\"O(u_y)\":{\"0\":1.6070763317,\"1\":null,\"2\":null,\"3\":null},\"O(p)\":{\"0\":1.3709775066,\"1\":null,\"2\":null,\"3\":null},\"eigs(MA)\":{\"0\":0.0,\"1\":0.0,\"2\":0.0,\"3\":0.0},\"Aloc(mean)\":{\"0\":null,\"1\":null,\"2\":null,\"3\":null},\"Aloc(std)\":{\"0\":null,\"1\":null,\"2\":null,\"3\":null},\"Aloc(min)\":{\"0\":null,\"1\":null,\"2\":null,\"3\":null},\"Aloc(max)\":{\"0\":null,\"1\":null,\"2\":null,\"3\":null},\"Aloc(sum)\":{\"0\":null,\"1\":null,\"2\":null,\"3\":null},\"Aloc(sq_sum)\":{\"0\":null,\"1\":null,\"2\":null,\"3\":null},\"Aloc(num)\":{\"0\":null,\"1\":null,\"2\":null,\"3\":null}}",
  "444931": "{\"dofs\":{\"0\":444931,\"1\":74631,\"2\":8619,\"3\":1019},\"nnz\":{\"0\":8016098,\"1\":3580046,\"2\":579278,\"3\":80703},\"nnz(%)\":{\"0\":65.4,\"1\":29.21,\"2\":4.73,\"3\":0.66},\"CR\":{\"0\":5.96,\"1\":8.66,\"2\":8.46,\"3\":null},\"Ratio[v\\/p]\":{\"0\":7.959,\"1\":7.691,\"2\":7.715,\"3\":8.798},\"CR(u_x)\":{\"0\":5.985,\"1\":8.656,\"2\":8.573,\"3\":null},\"CR(u_y)\":{\"0\":5.985,\"1\":8.656,\"2\":8.117,\"3\":null},\"CR(p)\":{\"0\":5.784,\"1\":8.683,\"2\":9.51,\"3\":null},\"dofs(u_x)\":{\"0\":197633,\"1\":33022,\"2\":3815,\"3\":445},\"dofs(u_y)\":{\"0\":197633,\"1\":33022,\"2\":3815,\"3\":470},\"dofs(p)\":{\"0\":49665,\"1\":8587,\"2\":989,\"3\":104},\"O(ml)\":{\"0\":1.529,\"1\":null,\"2\":null,\"3\":null},\"O(ml(A))\":{\"0\":1.189,\"1\":null,\"2\":null,\"3\":null},\"O(u_x)\":{\"0\":1.5815888972,\"1\":null,\"2\":null,\"3\":null},\"O(u_y)\":{\"0\":1.5826009365,\"1\":null,\"2\":null,\"3\":null},\"O(p)\":{\"0\":1.3856851129,\"1\":null,\"2\":null,\"3\":null},\"eigs(MA)\":{\"0\":0.0,\"1\":0.0,\"2\":0.0,\"3\":0.0},\"Aloc(mean)\":{\"0\":null,\"1\":null,\"2\":null,\"3\":null},\"Aloc(std)\":{\"0\":null,\"1\":null,\"2\":null,\"3\":null},\"Aloc(min)\":{\"0\":null,\"1\":null,\"2\":null,\"3\":null},\"Aloc(max)\":{\"0\":null,\"1\":null,\"2\":null,\"3\":null},\"Aloc(sum)\":{\"0\":null,\"1\":null,\"2\":null,\"3\":null},\"Aloc(sq_sum)\":{\"0\":null,\"1\":null,\"2\":null,\"3\":null},\"Aloc(num)\":{\"0\":null,\"1\":null,\"2\":null,\"3\":null}}",
  "111875": "{\"dofs\":{\"0\":111875,\"1\":18868,\"2\":2241},\"nnz\":{\"0\":1992774,\"1\":915371,\"2\":145394},\"nnz(%)\":{\"0\":65.26,\"1\":29.98,\"2\":4.76},\"CR\":{\"0\":5.93,\"1\":8.42,\"2\":null},\"Ratio[v\\/p]\":{\"0\":7.918,\"1\":7.431,\"2\":7.457},\"CR(u_x)\":{\"0\":5.973,\"1\":8.416,\"2\":8.233},\"CR(u_y)\":{\"0\":5.973,\"1\":8.416,\"2\":8.233},\"CR(p)\":{\"0\":5.605,\"1\":8.445,\"2\":null},\"dofs(u_x)\":{\"0\":49665,\"1\":8315,\"2\":988},\"dofs(u_y)\":{\"0\":49665,\"1\":8315,\"2\":988},\"dofs(p)\":{\"0\":12545,\"1\":2238,\"2\":265},\"O(ml)\":{\"0\":1.532,\"1\":null,\"2\":null},\"O(ml(A))\":{\"0\":1.189,\"1\":null,\"2\":null},\"O(u_x)\":{\"0\":1.595898839,\"1\":null,\"2\":null},\"O(u_y)\":{\"0\":1.5958951714,\"1\":null,\"2\":null},\"O(p)\":{\"0\":1.3961966918,\"1\":null,\"2\":null},\"eigs(MA)\":{\"0\":0.0,\"1\":0.0,\"2\":0.0},\"Aloc(mean)\":{\"0\":null,\"1\":null,\"2\":null},\"Aloc(std)\":{\"0\":null,\"1\":null,\"2\":null},\"Aloc(min)\":{\"0\":null,\"1\":null,\"2\":null},\"Aloc(max)\":{\"0\":null,\"1\":null,\"2\":null},\"Aloc(sum)\":{\"0\":null,\"1\":null,\"2\":null},\"Aloc(sq_sum)\":{\"0\":null,\"1\":null,\"2\":null},\"Aloc(num)\":{\"0\":null,\"1\":null,\"2\":null}}",