{
  "3223554": "{\"dofs\":{\"0\":3223554,\"1\":170116,\"2\":9064},\"nnz\":{\"0\":128468094,\"1\":39401414,\"2\":3841562},\"nnz(%)\":{\"0\":74.82,\"1\":22.95,\"2\":2.24},\"CR\":{\"0\":18.95,\"1\":18.77,\"2\":null},\"Ratio[v\\/p]\":{\"0\":23.301,\"1\":9.702,\"2\":14.574},\"CR(u_x)\":{\"0\":20.042,\"1\":18.301,\"2\":31.562},\"CR(u_y)\":{\"0\":20.042,\"1\":18.127,\"2\":31.865},\"CR(u_z)\":{\"0\":20.042,\"1\":18.12,\"2\":30.181},\"CR(p)\":{\"0\":8.345,\"1\":27.311,\"2\":null},\"dofs(u_x)\":{\"0\":1030301,\"1\":51407,\"2\":2809},\"dofs(u_y)\":{\"0\":1030301,\"1\":51407,\"2\":2836},\"dofs(u_z)\":{\"0\":1030301,\"1\":51407,\"2\":2837},\"dofs(p)\":{\"0\":132651,\"1\":15895,\"2\":582},\"O(ml)\":{\"0\":1.337,\"1\":null,\"2\":null},\"O(ml(A))\":{\"0\":1.056,\"1\":null,\"2\":null},\"O(u_x)\":{\"0\":1.3091812674,\"1\":null,\"2\":null},\"O(u_y)\":{\"0\":1.3097637983,\"1\":null,\"2\":null},\"O(u_z)\":{\"0\":1.3098104406,\"1\":null,\"2\":null},\"O(p)\":{\"0\":1.6346430789,\"1\":null,\"2\":null},\"eigs(MA)\":{\"0\":[0.1747,1.9608],\"1\":[0.3161,2.2639],\"2\":0.0},\"Aloc(mean)\":{\"0\":178.5492231495,\"1\":528.1419943378,\"2\":null},\"Aloc(std)\":{\"0\":40.7144456094,\"1\":137.7515765991,\"2\":null},\"Aloc(min)\":{\"0\":4.0,\"1\":52.0,\"2\":null},\"Aloc(max)\":{\"0\":196.0,\"1\":781.0,\"2\":null},\"Aloc(sum)\":{\"0\":23684733.0,\"1\":8394817.0,\"2\":null},\"Aloc(sq_sum)\":{\"0\":4448781741.0,\"1\":4735270915.0,\"2\":null},\"Aloc(num)\":{\"0\":132651.0,\"1\":15895.0,\"2\":null}}",
  "2206032": "{\"dofs\":{\"0\":2206032,\"1\":115873,\"2\":6278},\"nnz\":{\"0\":86954297,\"1\":26416362,\"2\":2505549},\"nnz(%)\":{\"0\":75.04,\"1\":22.8,\"2\":2.16},\"CR\":{\"0\":19.04,\"1\":18.46,\"2\":null},\"Ratio[v\\/p]\":{\"0\":23.209,\"1\":9.601,\"2\":14.275},\"CR(u_x)\":{\"0\":20.153,\"1\":17.875,\"2\":null},\"CR(u_y)\":{\"0\":20.153,\"1\":17.893,\"2\":null},\"CR(u_z)\":{\"0\":20.153,\"1\":17.893,\"2\":null},\"CR(p)\":{\"0\":8.337,\"1\":26.594,\"2\":null},\"dofs(u_x)\":{\"0\":704969,\"1\":34981,\"2\":1957},\"dofs(u_y)\":{\"0\":704969,\"1\":34981,\"2\":1955},\"dofs(u_z)\":{\"0\":704969,\"1\":34981,\"2\":1955},\"dofs(p)\":{\"0\":91125,\"1\":10930,\"2\":411},\"O(ml)\":{\"0\":1.333,\"1\":null,\"2\":null},\"O(ml(A))\":{\"0\":1.055,\"1\":null,\"2\":null},\"O(u_x)\":{\"0\":1.3051228782,\"1\":null,\"2\":null},\"O(u_y)\":{\"0\":1.3050880811,\"1\":null,\"2\":null},\"O(u_z)\":{\"0\":1.305066701,\"1\":null,\"2\":null},\"O(p)\":{\"0\":1.6251340333,\"1\":null,\"2\":null},\"eigs(MA)\":{\"0\":[0.1866,1.9647],\"1\":[0.3572,2.2409],\"2\":0.0},\"Aloc(mean)\":{\"0\":176.3069410151,\"1\":516.8817017383,\"2\":null},\"Aloc(std)\":{\"0\":42.8613583821,\"1\":143.7259858745,\"2\":null},\"Aloc(min)\":{\"0\":4.0,\"1\":52.0,\"2\":null},\"Aloc(max)\":{\"0\":196.0,\"1\":772.0,\"2\":null},\"Aloc(sum)\":{\"0\":16065970.0,\"1\":5649517.0,\"2\":null},\"Aloc(sq_sum)\":{\"0\":2999947402.0,\"1\":3145914709.0,\"2\":null},\"Aloc(num)\":{\"0\":91125.0,\"1\":10930.0,\"2\":null}}",
  "1663244": "{\"dofs\":{\"0\":1663244,\"1\":87367,\"2\":4655},\"nnz\":{\"0\":64955360,\"1\":19694441,\"2\":1746026},\"nnz(%)\":{\"0\":75.18,\"1\":22.8,\"2\":2.02},\"CR\":{\"0\":19.04,\"1\":18.77,\"2\":null},\"Ratio[v\\/p]\":{\"0\":23.133,\"1\":9.392,\"2\":13.778},\"CR(u_x)\":{\"0\":20.192,\"1\":18.152,\"2\":null},\"CR(u_y)\":{\"0\":20.192,\"1\":18.215,\"2\":null},\"CR(u_z)\":{\"0\":20.192,\"1\":18.215,\"2\":null},\"CR(p)\":{\"0\":8.198,\"1\":26.689,\"2\":null},\"dofs(u_x)\":{\"0\":531441,\"1\":26320,\"2\":1450},\"dofs(u_y)\":{\"0\":531441,\"1\":26320,\"2\":1445},\"dofs(u_z)\":{\"0\":531441,\"1\":26320,\"2\":1445},\"dofs(p)\":{\"0\":68921,\"1\":8407,\"2\":315},\"O(ml)\":{\"0\":1.33,\"1\":null,\"2\":null},\"O(ml(A))\":{\"0\":1.055,\"1\":null,\"2\":null},\"O(u_x)\":{\"0\":1.3012996348,\"1\":null,\"2\":null},\"O(u_y)\":{\"0\":1.3012130334,\"1\":null,\"2\":null},\"O(u_z)\":{\"0\":1.3012150066,\"1\":null,\"2\":null},\"O(p)\":{\"0\":1.6281051154,\"1\":null,\"2\":null},\"eigs(MA)\":{\"0\":[0.1916,1.954],\"1\":[0.3888,2.2403],\"2\":0.0},\"Aloc(mean)\":{\"0\":174.4247471743,\"1\":504.6869275604,\"2\":null},\"Aloc(std)\":{\"0\":44.4723270401,\"1\":143.9989476296,\"2\":null},\"Aloc(min)\":{\"0\":4.0,\"1\":46.0,\"2\":null},\"Aloc(max)\":{\"0\":196.0,\"1\":751.0,\"2\":null},\"Aloc(sum)\":{\"0\":12021528.0,\"1\":4242903.0,\"2\":null},\"Aloc(sq_sum)\":{\"0\":2233163100.0,\"1\":2315662683.0,\"2\":null},\"Aloc(num)\":{\"0\":68921.0,\"1\":8407.0,\"2\":null}}",
  "1217704": "{\"dofs\":{\"0\":1217704,\"1\":63560,\"2\":3478},\"nnz\":{\"0\":47013319,\"1\":14097516,\"2\":1230499},\"nnz(%)\":{\"0\":75.41,\"1\":22.61,\"2\":1.97},\"CR\":{\"0\":19.16,\"1\":18.27,\"2\":null},\"Ratio[v\\/p]\":{\"0\":23.04,\"1\":9.377,\"2\":13.552},\"CR(u_x)\":{\"0\":20.32,\"1\":17.645,\"2\":null},\"CR(u_y)\":{\"0\":20.32,\"1\":17.776,\"2\":null},\"CR(u_z)\":{\"0\":20.32,\"1\":17.776,\"2\":null},\"CR(p)\":{\"0\":8.27,\"1\":25.628,\"2\":null},\"dofs(u_x)\":{\"0\":389017,\"1\":19145,\"2\":1085},\"dofs(u_y)\":{\"0\":389017,\"1\":19145,\"2\":1077},\"dofs(u_z)\":{\"0\":389017,\"1\":19145,\"2\":1077},\"dofs(p)\":{\"0\":50653,\"1\":6125,\"2\":239},\"O(ml)\":{\"0\":1.326,\"1\":null,\"2\":null},\"O(ml(A))\":{\"0\":1.055,\"1\":null,\"2\":null},\"O(u_x)\":{\"0\":1.2975632973,\"1\":null,\"2\":null},\"O(u_y)\":{\"0\":1.2971488973,\"1\":null,\"2\":null},\"O(u_z)\":{\"0\":1.2971478865,\"1\":null,\"2\":null},\"O(p)\":{\"0\":1.6142387143,\"1\":null,\"2\":null},\"eigs(MA)\":{\"0\":[0.1984,1.9705],\"1\":[0.3491,2.2835],\"2\":0.0},\"Aloc(mean)\":{\"0\":172.0842003435,\"1\":496.8370612245,\"2\":null},\"Aloc(std)\":{\"0\":46.2281420855,\"1\":152.2693389143,\"2\":null},\"Aloc(min)\":{\"0\":4.0,\"1\":40.0,\"2\":null},\"Aloc(max)\":{\"0\":196.0,\"1\":787.0,\"2\":null},\"Aloc(sum)\":{\"0\":8716581.0,\"1\":3043127.0,\"2\":null},\"Aloc(sq_sum)\":{\"0\":1608233415.0,\"1\":1653952229.0,\"2\":null},\"Aloc(num)\":{\"0\":50653.0,\"1\":6125.0,\"2\":null}}",
  "859812": "{\"dofs\":{\"0\":859812,\"1\":44531,\"2\":2510},\"nnz\":{\"0\":32744121,\"1\":9280673,\"2\":795133},\"nnz(%)\":{\"0\":76.47,\"1\":21.67,\"2\":1.86},\"CR\":{\"0\":19.31,\"1\":17.74,\"2\":null},\"Ratio[v\\/p]\":{\"0\":22.926,\"1\":9.261,\"2\":13.678},\"CR(u_x)\":{\"0\":20.499,\"1\":17.286,\"2\":null},\"CR(u_y)\":{\"0\":20.499,\"1\":17.22,\"2\":null},\"CR(u_z)\":{\"0\":20.499,\"1\":17.045,\"2\":null},\"CR(p)\":{\"0\":8.28,\"1\":25.38,\"2\":null},\"dofs(u_x)\":{\"0\":274625,\"1\":13397,\"2\":775},\"dofs(u_y)\":{\"0\":274625,\"1\":13397,\"2\":778},\"dofs(u_z)\":{\"0\":274625,\"1\":13397,\"2\":786},\"dofs(p)\":{\"0\":35937,\"1\":4340,\"2\":171},\"O(ml)\":{\"0\":1.308,\"1\":null,\"2\":null},\"O(ml(A))\":{\"0\":1.055,\"1\":null,\"2\":null},\"O(u_x)\":{\"0\":1.2933567943,\"1\":null,\"2\":null},\"O(u_y)\":{\"0\":1.2935427547,\"1\":null,\"2\":null},\"O(u_z)\":{\"0\":1.2939684716,\"1\":null,\"2\":null},\"O(p)\":{\"0\":1.5433363942,\"1\":null,\"2\":null},\"eigs(MA)\":{\"0\":[0.2105,1.9585],\"1\":[0.4926,2.1327],\"2\":0.0},\"Aloc(mean)\":{\"0\":169.4989565072,\"1\":434.6790322581,\"2\":null},\"Aloc(std)\":{\"0\":48.330460753,\"1\":135.9654993952,\"2\":null},\"Aloc(min)\":{\"0\":4.0,\"1\":49.0,\"2\":null},\"Aloc(max)\":{\"0\":196.0,\"1\":676.0,\"2\":null},\"Aloc(sum)\":{\"0\":6091284.0,\"1\":1886507.0,\"2\":null},\"Aloc(sq_sum)\":{\"0\":1116409128.0,\"1\":900256955.0,\"2\":null},\"Aloc(num)\":{\"0\":35937.0,\"1\":4340.0,\"2\":null}}",