{
  "4328003": "{\"dofs\":{\"0\":4328003,\"1\":722757,\"2\":81454,\"3\":9778,\"4\":869},\"nnz\":{\"0\":80491405,\"1\":37131555,\"2\":6124120,\"3\":983816,\"4\":77056},\"nnz(%)\":{\"0\":64.49,\"1\":29.75,\"2\":4.91,\"3\":0.79,\"4\":0.06},\"CR\":{\"0\":5.99,\"1\":8.87,\"2\":8.33,\"3\":11.25,\"4\":null},\"Ratio[v\\/p]\":{\"0\":7.987,\"1\":7.905,\"2\":7.783,\"3\":11.132,\"4\":8.549},\"CR(u_x)\":{\"0\":5.995,\"1\":8.889,\"2\":8.045,\"3\":11.532,\"4\":null},\"CR(u_y)\":{\"0\":5.995,\"1\":8.889,\"2\":8.045,\"3\":11.532,\"4\":null},\"CR(p)\":{\"0\":5.934,\"1\":8.751,\"2\":11.506,\"3\":8.857,\"4\":null},\"dofs(u_x)\":{\"0\":1923201,\"1\":320799,\"2\":36090,\"3\":4486,\"4\":389},\"dofs(u_y)\":{\"0\":1923201,\"1\":320799,\"2\":36090,\"3\":4486,\"4\":389},\"dofs(p)\":{\"0\":481601,\"1\":81159,\"2\":9274,\"3\":806,\"4\":91},\"O(ml)\":{\"0\":1.551,\"1\":null,\"2\":null,\"3\":null,\"4\":null},\"O(ml(A))\":{\"0\":1.188,\"1\":null,\"2\":null,\"3\":null,\"4\":null},\"O(u_x)\":{\"0\":1.595036588,\"1\":null,\"2\":null,\"3\":null,\"4\":null},\"O(u_y)\":{\"0\":1.595036588,\"1\":null,\"2\":null,\"3\":null,\"4\":null},\"O(p)\":{\"0\":1.3810714287,\"1\":null,\"2\":null,\"3\":null,\"4\":null},\"eigs(MA)\":{\"0\":[0.5016,1.6888],\"1\":[0.4886,1.4755],\"2\":[0.4942,1.4846],\"3\":[0.5296,1.5277],\"4\":0.0},\"Aloc(mean)\":{\"0\":38.8227703016,\"1\":94.6315627349,\"2\":136.8852706491,\"3\":217.1538461538,\"4\":null},\"Aloc(std)\":{\"0\":1.8317279056,\"1\":7.9775703856,\"2\":14.2801611616,\"3\":47.5102825892,\"4\":null},\"Aloc(min)\":{\"0\":3.0,\"1\":21.0,\"2\":39.0,\"3\":61.0,\"4\":null},\"Aloc(max)\":{\"0\":39.0,\"1\":105.0,\"2\":165.0,\"3\":291.0,\"4\":null},\"Aloc(sum)\":{\"0\":18697085.0,\"1\":7680203.0,\"2\":1269474.0,\"3\":175026.0,\"4\":null},\"Aloc(sq_sum)\":{\"0\":727488517.0,\"1\":731954703.0,\"2\":175663474.0,\"3\":39826894.0,\"4\":null},\"Aloc(num)\":{\"0\":481601.0,\"1\":81159.0,\"2\":9274.0,\"3\":806.0,\"4\":null}}",
  "3314503": "{\"dofs\":{\"0\":3314503,\"1\":553745,\"2\":62102,\"3\":7408,\"4\":694},\"nnz\":{\"0\":61612496,\"1\":27647745,\"2\":4539052,\"3\":730328,\"4\":59448},\"nnz(%)\":{\"0\":65.14,\"1\":29.23,\"2\":4.8,\"3\":0.77,\"4\":0.06},\"CR\":{\"0\":5.99,\"1\":8.92,\"2\":8.38,\"3\":10.67,\"4\":null},\"Ratio[v\\/p]\":{\"0\":7.985,\"1\":7.881,\"2\":7.774,\"3\":9.959,\"4\":8.639},\"CR(u_x)\":{\"0\":5.994,\"1\":8.931,\"2\":8.173,\"3\":10.823,\"4\":null},\"CR(u_y)\":{\"0\":5.994,\"1\":8.931,\"2\":8.173,\"3\":10.823,\"4\":null},\"CR(p)\":{\"0\":5.917,\"1\":8.809,\"2\":10.47,\"3\":9.389,\"4\":null},\"dofs(u_x)\":{\"0\":1472801,\"1\":245698,\"2\":27512,\"3\":3366,\"4\":311},\"dofs(u_y)\":{\"0\":1472801,\"1\":245698,\"2\":27512,\"3\":3366,\"4\":311},\"dofs(p)\":{\"0\":368901,\"1\":62349,\"2\":7078,\"3\":676,\"4\":72},\"O(ml)\":{\"0\":1.535,\"1\":null,\"2\":null,\"3\":null,\"4\":null},\"O(ml(A))\":{\"0\":1.188,\"1\":null,\"2\":null,\"3\":null,\"4\":null},\"O(u_x)\":{\"0\":1.5730062412,\"1\":null,\"2\":null,\"3\":null,\"4\":null},\"O(u_y)\":{\"0\":1.573009088,\"1\":null,\"2\":null,\"3\":null,\"4\":null},\"O(p)\":{\"0\":1.3835542169,\"1\":null,\"2\":null,\"3\":null,\"4\":null},\"eigs(MA)\":{\"0\":[0.541,1.6477],\"1\":[0.448,1.5218],\"2\":[0.5053,1.4643],\"3\":[0.5104,1.5084],\"4\":0.0},\"Aloc(mean)\":{\"0\":38.8025161222,\"1\":92.9824696467,\"2\":134.0293868324,\"3\":204.8284023669,\"4\":null},\"Aloc(std)\":{\"0\":1.9559911916,\"1\":8.365254271,\"2\":16.0322501321,\"3\":45.4194796771,\"4\":null},\"Aloc(min)\":{\"0\":3.0,\"1\":21.0,\"2\":39.0,\"3\":59.0,\"4\":null},\"Aloc(max)\":{\"0\":39.0,\"1\":103.0,\"2\":161.0,\"3\":267.0,\"4\":null},\"Aloc(sum)\":{\"0\":14314287.0,\"1\":5797364.0,\"2\":948660.0,\"3\":138464.0,\"4\":null},\"Aloc(sq_sum)\":{\"0\":556841731.0,\"1\":543416248.0,\"2\":128967598.0,\"3\":29755900.0,\"4\":null},\"Aloc(num)\":{\"0\":368901.0,\"1\":62349.0,\"2\":7078.0,\"3\":676.0,\"4\":null}}",
  "1774595": "{\"dofs\":{\"0\":1774595,\"1\":296673,\"2\":33696,\"3\":4026},\"nnz\":{\"0\":32937476,\"1\":15197599,\"2\":2502528,\"3\":387008},\"nnz(%)\":{\"0\":64.55,\"1\":29.78,\"2\":4.9,\"3\":0.76},\"CR\":{\"0\":5.98,\"1\":8.8,\"2\":8.37,\"3\":null},\"Ratio[v\\/p]\":{\"0\":7.979,\"1\":7.854,\"2\":7.748,\"3\":10.636},\"CR(u_x)\":{\"0\":5.992,\"1\":8.818,\"2\":8.11,\"3\":10.952},\"CR(u_y)\":{\"0\":5.992,\"1\":8.818,\"2\":8.11,\"3\":10.952},\"CR(p)\":{\"0\":5.898,\"1\":8.699,\"2\":11.133,\"3\":null},\"dofs(u_x)\":{\"0\":788481,\"1\":131583,\"2\":14922,\"3\":1840},\"dofs(u_y)\":{\"0\":788481,\"1\":131583,\"2\":14922,\"3\":1840},\"dofs(p)\":{\"0\":197633,\"1\":33507,\"2\":3852,\"3\":346},\"O(ml)\":{\"0\":1.549,\"1\":null,\"2\":null,\"3\":null},\"O(ml(A))\":{\"0\":1.188,\"1\":null,\"2\":null,\"3\":null},\"O(u_x)\":{\"0\":1.5940183777,\"1\":null,\"2\":null,\"3\":null},\"O(u_y)\":{\"0\":1.5940183777,\"1\":null,\"2\":null,\"3\":null},\"O(p)\":{\"0\":1.3823122166,\"1\":null,\"2\":null,\"3\":null},\"eigs(MA)\":{\"0\":[0.5356,1.6521],\"1\":[0.4762,1.5062],\"2\":[0.542,1.4492],\"3\":0.0},\"Aloc(mean)\":{\"0\":38.7295340353,\"1\":93.9503387352,\"2\":134.6365524403,\"3\":null},\"Aloc(std)\":{\"0\":2.2817773632,\"1\":9.3513623045,\"2\":17.1727159699,\"3\":null},\"Aloc(min)\":{\"0\":3.0,\"1\":21.0,\"2\":39.0,\"3\":null},\"Aloc(max)\":{\"0\":39.0,\"1\":103.0,\"2\":159.0,\"3\":null},\"Aloc(sum)\":{\"0\":7654234.0,\"1\":3147994.0,\"2\":518620.0,\"3\":null},\"Aloc(sq_sum)\":{\"0\":297473894.0,\"1\":298685222.0,\"2\":70961172.0,\"3\":null},\"Aloc(num)\":{\"0\":197633.0,\"1\":33507.0,\"2\":3852.0,\"3\":null}}",
  "444931": "{\"dofs\":{\"0\":444931,\"1\":74631,\"2\":8619,\"3\":1019},\"nnz\":{\"0\":8211406,\"1\":3690554,\"2\":605554,\"3\":84721},\"nnz(%)\":{\"0\":65.21,\"1\":29.31,\"2\":4.81,\"3\":0.67},\"CR\":{\"0\":5.96,\"1\":8.66,\"2\":8.46,\"3\":null},\"Ratio[v\\/p]\":{\"0\":7.959,\"1\":7.691,\"2\":7.715,\"3\":8.798},\"CR(u_x)\":{\"0\":5.985,\"1\":8.656,\"2\":8.573,\"3\":null},\"CR(u_y)\":{\"0\":5.985,\"1\":8.656,\"2\":8.117,\"3\":null},\"CR(p)\":{\"0\":5.784,\"1\":8.683,\"2\":9.51,\"3\":null},\"dofs(u_x)\":{\"0\":197633,\"1\":33022,\"2\":3815,\"3\":445},\"dofs(u_y)\":{\"0\":197633,\"1\":33022,\"2\":3815,\"3\":470},\"dofs(p)\":{\"0\":49665,\"1\":8587,\"2\":989,\"3\":104},\"O(ml)\":{\"0\":1.534,\"1\":null,\"2\":null,\"3\":null},\"O(ml(A))\":{\"0\":1.189,\"1\":null,\"2\":null,\"3\":null},\"O(u_x)\":{\"0\":1.5690948635,\"1\":null,\"2\":null,\"3\":null},\"O(u_y)\":{\"0\":1.570074326,\"1\":null,\"2\":null,\"3\":null},\"O(p)\":{\"0\":1.3917540105,\"1\":null,\"2\":null,\"3\":null},\"eigs(MA)\":{\"0\":[0.5396,1.6384],\"1\":[0.5085,1.515],\"2\":[0.5597,1.4812],\"3\":0.0},\"Aloc(mean)\":{\"0\":38.4628813047,\"1\":90.6237335507,\"2\":127.9120323559,\"3\":null},\"Aloc(std)\":{\"0\":3.2002649571,\"1\":11.9506929395,\"2\":22.5256027082,\"3\":null},\"Aloc(min)\":{\"0\":3.0,\"1\":21.0,\"2\":39.0,\"3\":null},\"Aloc(max)\":{\"0\":39.0,\"1\":103.0,\"2\":165.0,\"3\":null},\"Aloc(sum)\":{\"0\":1910259.0,\"1\":778186.0,\"2\":126505.0,\"3\":null},\"Aloc(sq_sum)\":{\"0\":73982719.0,\"1\":71748508.0,\"2\":16683333.0,\"3\":null},\"Aloc(num)\":{\"0\":49665.0,\"1\":8587.0,\"2\":989.0,\"3\":null}}",